Age,Job,Credit amount,Duration,Sex_male,Housing_free,Housing_own,Housing_rent,Saving accounts_little,Saving accounts_moderate,Saving accounts_quite rich,Saving accounts_rich,Saving accounts_nan,Checking account_little,Checking account_moderate,Checking account_rich,Checking account_nan,Purpose_business,Purpose_car,Purpose_domestic appliances,Purpose_education,Purpose_furniture/equipment,Purpose_radio/TV,Purpose_repairs,Purpose_vacation/others,Risk
2.766456485,0.14694918,-0.745131413,-1.23647786,1,0,1,0,0,0,0,0,1,1,0,0,0,0,0,0,0,0,1,0,0,0
-1.19140394,0.14694918,0.949816789,2.248194362,0,0,1,0,1,0,0,0,0,0,1,0,0,0,0,0,0,0,1,0,0,1
1.183312315,-1.383771449,-0.416562408,-0.738667543,1,0,1,0,1,0,0,0,0,0,0,0,1,0,0,0,1,0,0,0,0,0
0.831502499,0.14694918,1.63424694,1.750384045,1,1,0,0,1,0,0,0,0,1,0,0,0,0,0,0,0,1,0,0,0,0
1.53512213,0.14694918,0.566663505,0.256953092,1,1,0,0,1,0,0,0,0,1,0,0,0,0,1,0,0,0,0,0,0,1
-0.04802204,-1.383771449,2.050009015,1.252573727,1,1,0,0,0,0,0,0,1,0,0,0,1,0,0,0,1,0,0,0,0,0
1.53512213,0.14694918,-0.154628756,0.256953092,1,0,1,0,0,0,1,0,0,0,0,0,1,0,0,0,0,1,0,0,0,0
-0.04802204,1.67766981,1.303196831,1.252573727,1,0,0,1,1,0,0,0,0,0,1,0,0,0,1,0,0,0,0,0,0,0
2.238741761,-1.383771449,-0.075233441,-0.738667543,1,0,1,0,0,0,0,1,0,0,0,0,1,0,0,0,0,0,1,0,0,0
-0.663689217,1.67766981,0.695680892,0.75476341,1,0,1,0,1,0,0,0,0,0,1,0,0,0,1,0,0,0,0,0,0,1
-0.927546579,0.14694918,-0.700471549,-0.738667543,0,0,0,1,1,0,0,0,0,0,1,0,0,0,1,0,0,0,0,0,0,1
-1.015499033,0.14694918,0.36746633,2.248194362,0,0,0,1,1,0,0,0,0,1,0,0,0,1,0,0,0,0,0,0,0,1
-1.19140394,0.14694918,-0.604062952,-0.738667543,0,0,1,0,1,0,0,0,0,0,1,0,0,0,0,0,0,0,1,0,0,0
2.150789308,-1.383771449,-0.734498112,0.256953092,1,0,1,0,1,0,0,0,0,1,0,0,0,0,1,0,0,0,0,0,0,1
-0.663689217,0.14694918,-0.662191664,-0.489762384,0,0,0,1,1,0,0,0,0,1,0,0,0,0,1,0,0,0,0,0,0,0
-0.311879402,-1.383771449,-0.705079312,0.256953092,0,0,1,0,0,1,0,0,0,1,0,0,0,0,0,0,0,0,1,0,0,1
1.53512213,0.14694918,-0.300304982,0.256953092,1,0,1,0,0,0,0,0,1,0,0,0,1,0,0,0,0,0,1,0,0,0
-0.927546579,0.14694918,1.70159118,0.75476341,1,0,1,0,0,0,0,0,1,1,0,0,0,1,0,0,0,0,0,0,0,0
0.743550045,1.67766981,3.299067456,0.256953092,0,1,0,0,1,0,0,0,0,0,1,0,0,0,1,0,0,0,0,0,0,1
-0.399831855,0.14694918,0.05626505,0.256953092,1,0,1,0,0,0,1,0,0,0,0,0,1,0,0,0,0,0,1,0,0,0
1.095359861,0.14694918,-0.40309356,-0.987572702,1,0,1,0,1,0,0,0,0,0,0,0,1,0,1,0,0,0,0,0,0,0
0.743550045,0.14694918,-0.22126411,-1.23647786,1,0,0,1,0,0,1,0,0,1,0,0,0,0,0,0,0,0,1,0,0,0
1.095359861,-1.383771449,-0.365168119,-0.904604315,1,0,0,1,1,0,0,0,0,1,0,0,0,0,1,0,0,0,0,0,0,0
0.743550045,0.14694918,-0.520059872,-0.738667543,1,0,1,0,0,1,0,0,0,0,1,0,0,0,1,0,0,0,0,0,0,0
-0.839594125,0.14694918,-0.426132379,-0.904604315,1,0,1,0,0,0,0,0,1,0,0,0,1,0,0,0,0,1,0,0,0,0
0.039930414,-1.383771449,-0.672470522,-1.23647786,1,0,1,0,1,0,0,0,0,1,0,0,0,0,0,0,0,1,0,0,0,0
0.303787776,-1.383771449,-1.008482838,-1.23647786,1,0,1,0,1,0,0,0,0,0,0,0,1,0,0,0,0,0,1,0,0,0
0.567645137,0.14694918,-1.014508376,-0.738667543,0,0,0,1,0,0,0,1,0,0,0,1,0,0,0,0,0,0,1,0,0,0
-0.135974494,0.14694918,-0.303494972,-1.153509474,1,0,1,0,1,0,0,0,0,0,1,0,0,0,0,0,0,0,1,0,0,0
2.414646669,0.14694918,1.263499173,3.243814997,1,0,1,0,1,0,0,0,0,1,0,0,0,1,0,0,0,0,0,0,0,1
0.039930414,0.14694918,-0.481425545,-0.240857225,1,0,1,0,0,0,0,1,0,0,1,0,0,1,0,0,0,0,0,0,0,0
-0.751641671,0.14694918,0.265386639,0.256953092,1,0,1,0,1,0,0,0,0,1,0,0,0,0,0,0,0,1,0,0,0,0
-0.487784309,0.14694918,0.919689103,-0.240857225,1,0,1,0,0,1,0,0,0,0,1,0,0,0,1,0,0,0,0,0,0,0
1.886931946,-1.383771449,-0.711459293,-0.738667543,1,0,0,1,0,0,0,0,1,0,0,0,1,1,0,0,0,0,0,0,0,0
-0.223926948,1.67766981,-0.637026185,-0.738667543,0,0,1,0,1,0,0,0,0,0,0,1,0,0,0,0,0,1,0,0,0,0
-0.927546579,-1.383771449,0.522712527,1.999289204,1,0,1,0,1,0,0,0,0,0,1,0,0,0,0,0,0,0,1,0,0,1
-0.399831855,0.14694918,1.006173285,2.248194362,1,1,0,0,1,0,0,0,0,0,0,0,1,0,0,0,1,0,0,0,0,0
0.127882868,0.14694918,-0.415144634,-0.240857225,1,0,1,0,1,0,0,0,0,0,0,1,0,0,0,0,0,0,1,0,0,1
0.127882868,0.14694918,-0.725282585,-0.904604315,1,0,1,0,1,0,0,0,0,0,0,1,0,0,0,1,0,0,0,0,0,0
-1.015499033,0.14694918,-0.997140651,-0.987572702,1,0,1,0,1,0,0,0,0,0,1,0,0,0,0,0,0,0,1,0,0,0
-0.487784309,1.67766981,-0.332559329,0.75476341,1,0,1,0,0,0,1,0,0,0,0,0,1,0,0,0,0,0,1,0,0,0
-0.839594125,0.14694918,-0.74903029,-0.738667543,1,0,1,0,0,0,1,0,0,0,1,0,0,0,0,0,0,0,1,0,0,0
0.743550045,-1.383771449,1.039490962,-0.240857225,1,0,1,0,1,0,0,0,0,0,1,0,0,0,0,0,0,0,0,1,0,0
-1.015499033,0.14694918,1.033465425,0.75476341,1,0,0,1,0,1,0,0,0,1,0,0,0,0,1,0,0,0,0,0,0,0
1.9748844,-1.383771449,1.017869917,2.248194362,0,1,0,0,1,0,0,0,0,1,0,0,0,0,1,0,0,0,0,0,0,1
-0.04802204,1.67766981,-0.665736098,-0.821635929,0,0,1,0,1,0,0,0,0,0,0,0,1,0,1,0,0,0,0,0,0,0
0.303787776,0.14694918,-0.344610404,1.252573727,1,0,1,0,0,0,1,0,0,0,0,0,1,0,0,0,0,0,1,0,0,0
-1.103451487,-2.914492079,-0.680268276,-1.23647786,0,0,0,1,0,0,1,0,0,1,0,0,0,0,1,0,0,0,0,0,0,0
0.303787776,-1.383771449,1.402440975,-0.821635929,1,0,1,0,1,0,0,0,0,0,0,0,1,0,1,0,0,0,0,0,0,0
-0.663689217,0.14694918,-0.424714606,-0.738667543,0,0,1,0,0,1,0,0,0,0,0,0,1,0,0,0,0,0,1,0,0,0
-0.575736763,-1.383771449,-0.332559329,0.256953092,1,0,1,0,0,0,0,0,1,0,1,0,0,0,0,0,0,1,0,0,0,0
-0.487784309,1.67766981,0.954778997,0.505858251,1,0,1,0,1,0,0,0,0,0,1,0,0,0,1,0,0,0,0,0,0,0
-0.927546579,0.14694918,-0.71216818,-0.738667543,1,0,1,0,1,0,0,0,0,0,0,0,1,0,0,0,0,0,1,0,0,0
-0.399831855,0.14694918,0.037833994,-0.240857225,1,0,1,0,0,0,0,0,1,0,0,0,1,0,1,0,0,0,0,0,0,0
1.886931946,0.14694918,-0.370839213,1.252573727,1,1,0,0,1,0,0,0,0,0,1,0,0,0,1,0,0,0,0,0,0,1
-0.839594125,-1.383771449,-0.881946555,-1.23647786,1,0,1,0,0,0,0,0,1,0,0,0,1,0,1,0,0,0,0,0,0,0
1.447169676,1.67766981,1.133064012,-0.738667543,1,0,1,0,0,0,0,0,1,0,1,0,0,0,0,0,0,0,1,0,0,1
-0.399831855,0.14694918,2.231129578,1.252573727,0,0,1,0,1,0,0,0,0,0,0,0,1,0,0,0,0,0,1,0,0,0
-1.103451487,1.67766981,-0.464412263,-0.240857225,0,0,1,0,1,0,0,0,0,0,0,1,0,0,1,0,0,0,0,0,0,0
-1.103451487,-1.383771449,1.048352047,1.252573727,0,0,0,1,1,0,0,0,0,1,0,0,0,0,0,0,0,1,0,0,0,1
-0.751641671,0.14694918,-0.666444985,-0.987572702,1,0,1,0,1,0,0,0,0,0,1,0,0,1,0,0,0,0,0,0,0,0
1.271264769,0.14694918,-0.614696253,-0.489762384,1,0,1,0,0,0,0,0,1,0,1,0,0,0,0,0,0,0,1,0,0,0
2.238741761,1.67766981,-0.46724781,1.252573727,1,1,0,0,1,0,0,0,0,0,1,0,0,1,0,0,0,0,0,0,0,1
-0.927546579,0.14694918,3.951952146,2.248194362,1,0,1,0,1,0,0,0,0,0,1,0,0,1,0,0,0,0,0,0,0,1
-0.839594125,0.14694918,-0.03199135,0.256953092,0,0,1,0,1,0,0,0,0,0,0,0,1,0,0,0,0,0,1,0,0,0
1.095359861,0.14694918,0.680085384,0.505858251,1,0,1,0,0,0,0,0,1,0,0,0,1,0,0,0,0,0,0,1,0,0
-0.575736763,0.14694918,-0.389979155,-0.738667543,0,0,1,0,1,0,0,0,0,0,0,0,1,0,0,0,0,0,1,0,0,0
-1.19140394,0.14694918,-0.80255124,-0.738667543,1,0,1,0,0,0,0,1,0,0,1,0,0,0,1,0,0,0,0,0,0,0
0.127882868,0.14694918,-0.514743222,1.252573727,1,1,0,0,1,0,0,0,0,0,0,0,1,0,0,0,1,0,0,0,0,1
-0.927546579,0.14694918,-0.310938283,1.252573727,0,0,1,0,0,0,0,0,1,0,0,0,1,0,0,0,0,0,1,0,0,0
-0.487784309,0.14694918,1.723212226,1.252573727,0,0,1,0,1,0,0,0,0,0,0,0,1,0,1,0,0,0,0,0,0,0
0.919454953,-1.383771449,-0.900732053,-1.153509474,1,0,0,1,0,0,0,0,1,0,0,0,1,0,0,0,0,0,1,0,0,0
1.359217222,1.67766981,-0.74690363,-1.070541088,1,1,0,0,1,0,0,0,0,1,0,0,0,0,0,0,0,0,0,0,1,0
0.479692684,-1.383771449,0.950880119,1.750384045,0,0,1,0,1,0,0,0,0,0,1,0,0,1,0,0,0,0,0,0,0,0
0.39174023,1.67766981,-0.458741169,1.252573727,1,0,1,0,0,0,0,0,1,1,0,0,0,0,0,0,1,0,0,0,0,1
2.678504031,1.67766981,-0.61859513,-0.738667543,1,1,0,0,1,0,0,0,0,1,0,0,0,0,1,0,0,0,0,0,0,0
-0.135974494,0.14694918,0.245892253,1.750384045,1,0,1,0,1,0,0,0,0,1,0,0,0,0,0,0,0,0,1,0,0,1
1.359217222,0.14694918,0.531573611,-0.821635929,1,0,1,0,1,0,0,0,0,0,1,0,0,0,0,0,0,0,1,0,0,0
0.303787776,-1.383771449,2.185051939,2.74600468,1,0,1,0,0,0,0,0,1,0,0,0,1,0,1,0,0,0,0,0,0,0
-1.19140394,0.14694918,0.198751285,0.75476341,1,0,1,0,1,0,0,0,0,0,1,0,0,0,0,0,0,1,0,0,0,0
0.743550045,0.14694918,0.946981242,0.256953092,0,0,1,0,0,0,0,0,1,0,0,0,1,0,0,0,0,0,1,0,0,1
1.007407407,0.14694918,-0.729535905,-0.489762384,1,0,1,0,0,0,1,0,0,0,0,0,1,0,0,0,0,0,1,0,0,0
-1.015499033,-1.383771449,-0.603708508,-0.240857225,0,0,0,1,0,1,0,0,0,0,0,0,1,1,0,0,0,0,0,0,0,0
1.9748844,-1.383771449,-0.537427598,0.256953092,0,0,1,0,1,0,0,0,0,1,0,0,0,0,0,0,0,0,0,0,1,0
1.447169676,-1.383771449,-0.33893931,-0.904604315,1,0,1,0,1,0,0,0,0,1,0,0,0,0,0,0,0,0,1,0,0,0
-0.575736763,1.67766981,-0.659001674,-0.738667543,0,0,1,0,1,0,0,0,0,0,0,0,1,1,0,0,0,0,0,0,0,0
-0.751641671,0.14694918,-0.700471549,-0.240857225,0,0,1,0,1,0,0,0,0,0,1,0,0,0,0,0,0,1,0,0,0,0
1.007407407,0.14694918,3.310764087,1.252573727,1,1,0,0,0,1,0,0,0,0,1,0,0,0,0,0,1,0,0,0,0,1
-0.487784309,1.67766981,-0.362332572,-0.240857225,1,0,1,0,0,1,0,0,0,1,0,0,0,0,1,0,0,0,0,0,0,0
-0.663689217,0.14694918,-0.766752459,-0.738667543,1,0,1,0,1,0,0,0,0,1,0,0,0,0,0,0,0,0,0,1,0,1
1.798979492,0.14694918,-0.940429711,-0.738667543,1,0,1,0,1,0,0,0,0,0,0,0,1,0,0,0,0,0,1,0,0,0
1.623074584,0.14694918,-0.660065004,-0.738667543,1,0,1,0,1,0,0,0,0,1,0,0,0,0,1,0,0,0,0,0,0,0
-0.223926948,-1.383771449,-0.876984348,-0.738667543,0,0,1,0,0,0,0,0,1,0,0,0,1,0,0,0,0,0,1,0,0,1
-1.367308848,0.14694918,0.12254596,0.256953092,1,0,0,1,0,0,0,0,1,0,0,1,0,0,0,0,0,1,0,0,0,0
1.623074584,0.14694918,-0.692319351,-0.738667543,1,0,1,0,0,0,0,1,0,0,1,0,0,0,1,0,0,0,0,0,0,0
1.9748844,0.14694918,4.492123845,2.74600468,1,0,0,1,1,0,0,0,0,0,1,0,0,1,0,0,0,0,0,0,0,1
2.238741761,0.14694918,-0.446335651,-0.738667543,0,0,1,0,0,0,0,0,1,0,0,0,1,0,0,0,1,0,0,0,0,0
-0.135974494,0.14694918,-0.230125195,-0.240857225,1,0,1,0,0,1,0,0,0,0,1,0,0,1,0,0,0,0,0,0,0,0
0.039930414,0.14694918,-0.331141555,1.252573727,1,0,1,0,1,0,0,0,0,0,1,0,0,0,0,0,0,0,1,0,0,0
0.039930414,1.67766981,1.341831158,-0.074920453,1,0,0,1,0,0,0,0,1,0,1,0,0,0,1,0,0,0,0,0,0,0
0.479692684,-1.383771449,-0.638798402,0.256953092,1,0,0,1,0,1,0,0,0,0,0,0,1,0,1,0,0,0,0,0,0,0
-1.015499033,0.14694918,-0.336103763,1.252573727,1,0,0,1,1,0,0,0,0,0,1,0,0,0,0,0,0,0,1,0,0,0
-1.015499033,0.14694918,-0.829134492,-1.23647786,0,0,1,0,1,0,0,0,0,0,0,0,1,0,0,0,0,0,1,0,0,0
-0.04802204,0.14694918,-0.479298885,-0.987572702,1,0,0,1,1,0,0,0,0,0,1,0,0,0,0,0,0,1,0,0,0,0
-0.839594125,0.14694918,-0.292861671,-0.738667543,1,0,0,1,0,0,0,0,1,0,0,0,1,0,1,0,0,0,0,0,0,0
0.303787776,1.67766981,3.071869255,0.256953092,1,0,1,0,1,0,0,0,0,0,1,0,0,0,0,0,0,0,0,0,1,1
0.303787776,1.67766981,1.129519579,-0.240857225,1,0,1,0,1,0,0,0,0,0,0,0,1,0,1,0,0,0,0,0,0,1
-0.311879402,0.14694918,0.994831098,-0.738667543,1,0,1,0,1,0,0,0,0,0,1,0,0,0,1,0,0,0,0,0,0,0
-0.487784309,0.14694918,1.577181557,0.256953092,0,0,1,0,0,0,0,0,1,1,0,0,0,0,0,0,0,1,0,0,0,0
-0.04802204,0.14694918,-0.659710561,-0.57273077,1,0,1,0,0,0,1,0,0,0,1,0,0,1,0,0,0,0,0,0,0,0
-0.399831855,0.14694918,-0.645887269,-1.23647786,1,0,1,0,0,1,0,0,0,0,1,0,0,1,0,0,0,0,0,0,0,0
-1.103451487,0.14694918,-1.020533913,-0.489762384,0,0,0,1,1,0,0,0,0,0,0,1,0,0,0,0,1,0,0,0,0,0
-0.663689217,-1.383771449,1.059339791,-0.240857225,1,0,0,1,1,0,0,0,0,0,1,0,0,0,1,0,0,0,0,0,0,0
-0.927546579,0.14694918,1.624676969,1.252573727,0,0,1,0,1,0,0,0,0,0,0,0,1,0,1,0,0,0,0,0,0,1
-0.04802204,0.14694918,-0.564010851,-0.738667543,1,0,1,0,0,0,1,0,0,1,0,0,0,0,0,0,0,0,1,0,0,0
1.007407407,0.14694918,0.108722669,2.248194362,1,0,1,0,0,0,0,0,1,0,0,0,1,0,0,0,0,0,1,0,0,0
-0.487784309,1.67766981,1.383301033,1.750384045,0,0,1,0,0,0,0,0,1,1,0,0,0,0,0,0,0,0,1,0,0,1
-0.751641671,0.14694918,-0.403802447,-0.904604315,0,0,0,1,0,0,0,0,1,1,0,0,0,0,0,0,0,1,0,0,0,0
-1.103451487,0.14694918,0.357896359,1.003668569,0,0,1,0,0,0,1,0,0,1,0,0,0,0,0,0,0,1,0,0,0,1
0.039930414,1.67766981,-0.320862698,-0.738667543,1,0,1,0,0,0,1,0,0,0,1,0,0,0,1,0,0,0,0,0,0,0
-0.927546579,0.14694918,-0.509072128,0.008047933,0,0,1,0,1,0,0,0,0,1,0,0,0,0,0,0,0,0,1,0,0,1
0.479692684,1.67766981,0.211511246,0.256953092,0,0,0,1,1,0,0,0,0,0,0,0,1,0,1,0,0,0,0,0,0,0
-1.015499033,-1.383771449,-0.532819834,-0.738667543,1,0,0,1,1,0,0,0,0,0,0,0,1,0,0,0,0,1,0,0,0,0
2.414646669,0.14694918,-0.882655442,-0.904604315,1,1,0,0,1,0,0,0,0,0,0,1,0,0,1,0,0,0,0,0,0,0
-0.751641671,0.14694918,-0.477526668,-0.240857225,0,0,0,1,0,0,0,0,1,0,1,0,0,0,0,0,0,1,0,0,0,1
-0.487784309,0.14694918,-0.407701324,-0.738667543,1,0,1,0,1,0,0,0,0,1,0,0,0,0,1,0,0,0,0,0,0,0
0.39174023,-1.383771449,-0.911010911,-0.738667543,1,0,1,0,1,0,0,0,0,1,0,0,0,0,0,0,0,0,1,0,0,0
-0.487784309,0.14694918,-0.9329864,-0.738667543,1,0,1,0,1,0,0,0,0,0,1,0,0,0,0,0,0,0,0,1,0,1
-0.135974494,1.67766981,-0.500211044,-0.738667543,1,0,1,0,1,0,0,0,0,0,1,0,0,0,1,0,0,0,0,0,0,0
-0.575736763,0.14694918,0.080721642,-0.738667543,0,0,1,0,1,0,0,0,0,1,0,0,0,0,1,0,0,0,0,0,0,1
-1.015499033,0.14694918,1.84868518,2.248194362,0,0,1,0,0,0,0,0,1,0,1,0,0,0,1,0,0,0,0,0,0,0
-0.575736763,0.14694918,1.281575785,1.252573727,1,0,1,0,1,0,0,0,0,1,0,0,0,0,0,0,1,0,0,0,0,1
-0.751641671,-1.383771449,-0.199643065,-0.489762384,1,0,1,0,1,0,0,0,0,0,0,0,1,0,0,0,0,1,0,0,0,0
1.007407407,0.14694918,-0.456260066,-0.240857225,1,1,0,0,1,0,0,0,0,0,0,0,1,0,0,0,0,1,0,0,0,0
-1.279356394,0.14694918,2.435997846,3.243814997,0,0,1,0,0,1,0,0,0,0,0,0,1,0,0,0,0,0,1,0,0,0
0.215835322,0.14694918,-0.719965934,-0.738667543,0,0,1,0,0,0,0,0,1,0,0,0,1,0,0,0,0,0,1,0,0,0
-0.751641671,0.14694918,1.893345044,0.505858251,1,0,1,0,0,0,0,1,0,0,0,0,1,0,1,0,0,0,0,0,0,0
2.678504031,-1.383771449,-0.887972092,-0.738667543,1,0,1,0,0,0,1,0,0,0,1,0,0,0,0,0,0,0,1,0,0,1
-0.04802204,0.14694918,-0.192554197,-0.489762384,1,0,1,0,0,0,0,0,1,0,1,0,0,0,0,0,0,0,1,0,0,0
0.743550045,-1.383771449,-0.492767733,-0.738667543,0,0,0,1,1,0,0,0,0,0,0,1,0,0,0,0,0,0,1,0,0,0
-0.751641671,-2.914492079,-0.908175364,-1.23647786,1,0,1,0,0,0,0,1,0,0,0,1,0,0,1,0,0,0,0,0,0,0
-0.487784309,1.67766981,0.540080252,1.252573727,0,0,1,0,1,0,0,0,0,0,1,0,0,0,0,0,0,0,1,0,0,0
-0.751641671,1.67766981,0.051302842,0.505858251,1,0,1,0,1,0,0,0,0,1,0,0,0,0,0,0,0,0,1,0,0,0
-1.19140394,0.14694918,-0.286836134,-0.240857225,1,0,1,0,1,0,0,0,0,1,0,0,0,0,0,0,0,1,0,0,0,1
-1.103451487,0.14694918,-0.348509281,0.008047933,0,0,1,0,1,0,0,0,0,0,0,0,1,0,0,0,0,1,0,0,0,0
-0.487784309,0.14694918,0.104469348,2.248194362,1,0,1,0,0,1,0,0,0,0,1,0,0,1,0,0,0,0,0,0,0,0
0.303787776,0.14694918,-0.854654415,-1.23647786,0,0,1,0,1,0,0,0,0,1,0,0,0,0,1,0,0,0,0,0,0,0
1.359217222,0.14694918,-0.917745335,-0.738667543,0,0,1,0,0,1,0,0,0,0,0,0,1,0,1,0,0,0,0,0,0,0
-0.663689217,0.14694918,0.744239634,1.252573727,1,0,1,0,1,0,0,0,0,1,0,0,0,0,0,0,0,1,0,0,0,0
0.919454953,0.14694918,-0.598746301,-0.240857225,1,0,1,0,0,0,0,1,0,0,0,0,1,0,0,0,0,0,1,0,0,0
0.567645137,0.14694918,-0.682394937,-1.23647786,1,1,0,0,0,1,0,0,0,0,0,0,1,0,0,0,0,0,1,0,0,0
0.215835322,0.14694918,-0.477526668,-0.904604315,1,0,1,0,1,0,0,0,0,0,0,0,1,0,0,0,0,0,1,0,0,0
-1.015499033,0.14694918,0.913309122,1.252573727,1,0,1,0,1,0,0,0,0,0,0,1,0,0,0,0,0,0,1,0,0,0
-0.575736763,0.14694918,1.590295962,0.256953092,0,0,0,1,0,0,0,1,0,0,1,0,0,0,1,0,0,0,0,0,0,0
0.039930414,1.67766981,1.309931255,0.256953092,1,0,0,1,0,1,0,0,0,0,1,0,0,1,0,0,0,0,0,0,0,0
-1.367308848,0.14694918,-0.705079312,-0.738667543,0,0,0,1,1,0,0,0,0,1,0,0,0,0,0,0,0,1,0,0,0,1
1.095359861,0.14694918,-0.702952652,-0.987572702,1,0,1,0,0,1,0,0,0,1,0,0,0,0,0,0,0,0,0,1,0,0
0.831502499,-1.383771449,-1.039319412,-0.738667543,1,0,1,0,1,0,0,0,0,1,0,0,0,0,0,0,1,0,0,0,0,0
0.215835322,0.14694918,0.085329406,0.256953092,1,0,1,0,0,1,0,0,0,0,1,0,0,0,1,0,0,0,0,0,0,0
-0.135974494,-1.383771449,-0.486742196,-1.23647786,1,0,1,0,0,0,0,0,1,0,0,0,1,0,0,0,0,0,1,0,0,0
0.039930414,0.14694918,-0.141514352,0.256953092,1,0,1,0,0,1,0,0,0,0,0,0,1,0,0,0,0,0,1,0,0,0
-0.487784309,0.14694918,-0.785537958,-0.240857225,0,0,1,0,1,0,0,0,0,0,0,0,1,0,1,0,0,0,0,0,0,0
0.039930414,0.14694918,-0.71216818,-0.489762384,1,0,1,0,0,0,1,0,0,0,0,0,1,0,0,1,0,0,0,0,0,0
3.030313846,1.67766981,1.430796445,-0.904604315,1,1,0,0,1,0,0,0,0,0,1,0,0,0,1,0,0,0,0,0,0,0
0.039930414,0.14694918,-0.83728669,1.252573727,1,0,1,0,0,0,1,0,0,0,0,0,1,0,1,0,0,0,0,0,0,0
-0.311879402,0.14694918,-0.103943354,-1.23647786,1,0,1,0,0,0,1,0,0,0,0,0,1,0,0,0,0,1,0,0,0,0
-0.223926948,0.14694918,-0.758600262,-0.240857225,0,0,1,0,1,0,0,0,0,1,0,0,0,0,0,0,0,1,0,0,0,1
-1.367308848,0.14694918,-0.600518518,-0.821635929,0,0,1,0,0,0,0,1,0,0,1,0,0,0,0,0,0,1,0,0,0,0
-0.927546579,0.14694918,0.248373357,0.256953092,0,0,0,1,1,0,0,0,0,0,0,0,1,0,0,0,0,1,0,0,0,0
-0.399831855,0.14694918,-0.473627791,0.256953092,1,0,1,0,1,0,0,0,0,0,1,0,0,1,0,0,0,0,0,0,0,1
-0.223926948,0.14694918,-0.822754512,-0.489762384,1,0,0,1,1,0,0,0,0,1,0,0,0,0,1,0,0,0,0,0,0,1
-0.839594125,0.14694918,-0.889035422,-0.738667543,0,0,1,0,1,0,0,0,0,0,0,0,1,0,0,0,0,1,0,0,0,0
-0.135974494,1.67766981,-0.427904596,0.256953092,0,0,1,0,1,0,0,0,0,0,1,0,0,0,0,0,0,1,0,0,0,1
-0.223926948,0.14694918,-0.658292787,-1.070541088,1,0,1,0,1,0,0,0,0,0,1,0,0,0,0,0,0,0,1,0,0,0
-0.839594125,0.14694918,0.050593956,0.008047933,1,0,1,0,1,0,0,0,0,1,0,0,0,0,0,0,1,0,0,0,0,1
1.53512213,1.67766981,1.493532921,0.75476341,0,0,1,0,0,0,0,0,1,0,0,0,1,0,1,0,0,0,0,0,0,1
0.567645137,0.14694918,-0.246075146,-0.738667543,1,0,1,0,1,0,0,0,0,1,0,0,0,0,0,0,0,1,0,0,0,0
1.447169676,0.14694918,-1.039673855,-1.23647786,1,0,1,0,0,0,1,0,0,1,0,0,0,0,0,0,0,0,1,0,0,0
-0.399831855,1.67766981,-0.463703376,-0.738667543,1,0,0,1,1,0,0,0,0,0,0,0,1,0,0,0,0,0,1,0,0,0
2.590551577,0.14694918,-0.95708855,0.008047933,1,0,1,0,1,0,0,0,0,1,0,0,0,0,1,0,0,0,0,0,0,0
-0.663689217,0.14694918,2.233256238,1.252573727,1,0,1,0,1,0,0,0,0,0,0,0,1,1,0,0,0,0,0,0,0,1
-0.487784309,1.67766981,0.419569506,1.252573727,1,0,1,0,1,0,0,0,0,0,1,0,0,1,0,0,0,0,0,0,0,1
0.39174023,-1.383771449,-0.575707482,0.008047933,1,0,1,0,0,0,0,0,1,1,0,0,0,0,1,0,0,0,0,0,0,1
1.271264769,0.14694918,0.1792569,0.256953092,1,0,1,0,0,0,0,1,0,0,0,0,1,0,0,0,0,1,0,0,0,0
0.039930414,0.14694918,-0.846147774,-0.240857225,1,0,1,0,1,0,0,0,0,0,1,0,0,0,1,0,0,0,0,0,0,1
-0.399831855,0.14694918,-0.677432729,-0.489762384,1,0,1,0,1,0,0,0,0,0,0,0,1,0,0,0,0,0,1,0,0,0
3.382123662,1.67766981,0.658464338,-0.987572702,0,1,0,0,1,0,0,0,0,0,1,0,0,0,1,0,0,0,0,0,0,1
2.854408939,-2.914492079,-0.743004753,-0.406793998,1,1,0,0,1,0,0,0,0,0,1,0,0,0,1,0,0,0,0,0,0,0
-1.367308848,0.14694918,-0.920580882,-0.738667543,1,0,1,0,0,1,0,0,0,1,0,0,0,0,0,0,0,0,1,0,0,1
-0.223926948,0.14694918,-0.009661417,-0.240857225,0,0,1,0,1,0,0,0,0,0,1,0,0,0,0,0,0,1,0,0,0,0
1.623074584,1.67766981,0.467773804,0.256953092,1,0,1,0,0,0,0,1,0,0,0,0,1,1,0,0,0,0,0,0,0,1
-0.135974494,-1.383771449,0.203004606,2.248194362,1,1,0,0,0,1,0,0,0,0,1,0,0,1,0,0,0,0,0,0,0,1
0.039930414,0.14694918,0.228170085,0.505858251,1,0,1,0,1,0,0,0,0,0,1,0,0,1,0,0,0,0,0,0,0,1
-0.575736763,0.14694918,-0.412309088,-1.23647786,1,0,0,1,1,0,0,0,0,0,0,0,1,0,0,0,0,0,1,0,0,0
-1.279356394,0.14694918,-0.085157856,1.999289204,1,0,0,1,0,1,0,0,0,0,1,0,0,0,0,0,0,0,1,0,0,1
-0.135974494,1.67766981,-0.627456214,-0.987572702,0,0,1,0,1,0,0,0,0,0,1,0,0,0,0,0,1,0,0,0,0,1
-0.663689217,0.14694918,-0.669634975,-1.23647786,0,0,1,0,1,0,0,0,0,0,0,0,1,0,0,0,0,0,1,0,0,0
-0.751641671,0.14694918,-0.822400068,-0.738667543,0,0,0,1,0,1,0,0,0,0,1,0,0,0,0,0,0,1,0,0,0,1
0.039930414,0.14694918,-0.181212009,0.256953092,1,1,0,0,0,0,0,0,1,0,1,0,0,0,1,0,0,0,0,0,0,0
0.39174023,1.67766981,0.363567453,-0.240857225,1,0,1,0,1,0,0,0,0,0,1,0,0,0,0,0,0,1,0,0,0,1
1.447169676,0.14694918,-0.827716719,-0.987572702,1,0,1,0,0,0,1,0,0,0,0,0,1,0,0,0,1,0,0,0,0,0
-0.751641671,-1.383771449,-0.745485857,-0.738667543,1,0,1,0,1,0,0,0,0,1,0,0,0,0,1,0,0,0,0,0,0,0
-0.839594125,0.14694918,0.654211017,0.505858251,1,0,1,0,1,0,0,0,0,0,0,0,1,1,0,0,0,0,0,0,0,0
-1.279356394,0.14694918,-0.839767794,-0.738667543,1,0,0,1,1,0,0,0,0,1,0,0,0,0,0,0,1,0,0,0,0,1
0.215835322,-1.383771449,-0.629582874,-0.738667543,1,0,1,0,1,0,0,0,0,0,0,0,1,0,1,0,0,0,0,0,0,0
0.215835322,1.67766981,2.605776221,0.75476341,1,1,0,0,1,0,0,0,0,1,0,0,0,0,1,0,0,0,0,0,0,0
0.655597591,0.14694918,-0.473627791,-0.738667543,1,0,1,0,1,0,0,0,0,0,0,0,1,0,0,0,0,1,0,0,0,0
-0.839594125,0.14694918,-0.654748354,-0.738667543,1,0,1,0,1,0,0,0,0,0,1,0,0,0,0,1,0,0,0,0,0,0
-1.279356394,-1.383771449,1.16850835,0.256953092,1,0,1,0,1,0,0,0,0,1,0,0,0,1,0,0,0,0,0,0,0,0
1.711027038,0.14694918,-0.658647231,-0.738667543,1,0,1,0,0,0,0,1,0,0,0,0,1,0,1,0,0,0,0,0,0,0
-0.223926948,0.14694918,-0.069916791,-0.987572702,1,0,1,0,0,0,0,0,1,0,0,0,1,0,0,0,0,0,1,0,0,0
0.831502499,-1.383771449,0.199814615,1.252573727,0,0,1,0,0,0,0,0,1,0,0,0,1,0,0,0,0,0,1,0,0,0
1.271264769,0.14694918,0.716593051,0.505858251,1,0,1,0,1,0,0,0,0,1,0,0,0,1,0,0,0,0,0,0,0,1
2.678504031,1.67766981,-0.483197762,0.75476341,1,0,1,0,1,0,0,0,0,0,0,1,0,1,0,0,0,0,0,0,0,1
1.359217222,0.14694918,0.025074033,1.252573727,1,0,1,0,0,0,0,0,1,0,0,0,1,0,0,0,0,0,1,0,0,0
0.303787776,-1.383771449,-0.829134492,-1.23647786,0,0,1,0,0,0,0,0,1,0,1,0,0,0,0,0,1,0,0,0,0,0
-0.399831855,0.14694918,-0.059283489,-0.240857225,1,0,1,0,1,0,0,0,0,1,0,0,0,1,0,0,0,0,0,0,0,0
-1.103451487,0.14694918,0.227461198,1.252573727,1,0,1,0,1,0,0,0,0,0,0,1,0,0,0,0,0,0,1,0,0,0
-1.015499033,-1.383771449,-0.088702289,0.256953092,1,0,0,1,1,0,0,0,0,1,0,0,0,0,0,0,0,1,0,0,0,0
2.502599123,0.14694918,-0.676014956,-0.904604315,0,0,1,0,1,0,0,0,0,0,0,0,1,0,1,0,0,0,0,0,0,0
-0.839594125,-1.383771449,-0.937948608,-0.738667543,1,0,1,0,1,0,0,0,0,0,1,0,0,0,0,0,0,0,1,0,0,0
-1.103451487,0.14694918,-0.734143669,-0.738667543,0,0,0,1,0,0,0,0,1,1,0,0,0,0,0,0,1,0,0,0,0,0
-0.487784309,0.14694918,-0.908884251,-0.738667543,1,0,1,0,1,0,0,0,0,0,0,0,1,0,0,0,0,0,1,0,0,0
-0.311879402,0.14694918,-0.103943354,0.256953092,1,0,1,0,0,0,0,0,1,0,0,0,1,1,0,0,0,0,0,0,0,0
-0.487784309,0.14694918,0.491167067,-0.489762384,1,0,1,0,1,0,0,0,0,0,0,0,1,0,1,0,0,0,0,0,0,0
-0.751641671,0.14694918,-0.233315185,1.252573727,1,0,1,0,1,0,0,0,0,0,0,0,1,0,0,0,0,0,0,1,0,0
-0.751641671,0.14694918,2.725578081,2.248194362,1,0,1,0,0,0,0,1,0,0,1,0,0,0,0,0,0,0,1,0,0,1
1.53512213,1.67766981,1.628221403,-0.738667543,1,1,0,0,1,0,0,0,0,1,0,0,0,0,0,0,0,1,0,0,0,1
-1.19140394,0.14694918,-0.635608412,-0.987572702,1,0,1,0,1,0,0,0,0,0,0,0,1,0,0,0,0,0,1,0,0,1
-1.19140394,0.14694918,-0.043333538,0.256953092,1,1,0,0,1,0,0,0,0,1,0,0,0,0,0,0,0,1,0,0,0,0
-0.839594125,0.14694918,0.332730879,1.252573727,1,0,1,0,1,0,0,0,0,0,0,1,0,0,0,0,0,0,1,0,0,1
1.359217222,-1.383771449,-0.270886182,-0.987572702,1,1,0,0,0,0,1,0,0,0,0,0,1,0,1,0,0,0,0,0,0,0
-0.04802204,0.14694918,-0.400612456,-0.738667543,1,0,1,0,0,1,0,0,0,0,0,0,1,0,0,0,0,0,1,0,0,0
-0.927546579,-1.383771449,-0.852527755,-0.240857225,1,0,1,0,1,0,0,0,0,0,1,0,0,0,0,0,0,0,1,0,0,0
0.567645137,-1.383771449,-0.612215149,-1.402414633,1,0,1,0,1,0,0,0,0,0,0,0,1,0,0,0,0,0,1,0,0,0
-0.487784309,1.67766981,-0.513325448,0.256953092,1,0,1,0,1,0,0,0,0,1,0,0,0,0,0,0,0,0,1,0,0,1
-1.103451487,-2.914492079,3.999447558,-1.23647786,1,0,1,0,0,0,0,0,1,0,1,0,0,0,1,0,0,0,0,0,0,1
2.238741761,-1.383771449,-0.178730906,0.008047933,1,0,0,1,0,1,0,0,0,0,1,0,0,1,0,0,0,0,0,0,0,1
-0.04802204,0.14694918,-0.701889322,-0.738667543,0,0,1,0,1,0,0,0,0,0,0,0,1,0,0,0,0,0,1,0,0,0
0.303787776,0.14694918,-0.265569532,0.75476341,1,0,1,0,1,0,0,0,0,1,0,0,0,0,0,0,0,0,1,0,0,0
-0.575736763,0.14694918,-0.83516003,0.256953092,0,0,1,0,0,0,0,0,1,1,0,0,0,0,1,0,0,0,0,0,0,1
1.359217222,0.14694918,-0.594138537,-1.23647786,1,0,1,0,1,0,0,0,0,0,0,0,1,0,0,0,0,0,1,0,0,0
-1.015499033,0.14694918,0.472736011,2.248194362,1,1,0,0,1,0,0,0,0,1,0,0,0,0,1,0,0,0,0,0,0,1
-0.751641671,0.14694918,-0.739460319,-0.738667543,0,0,1,0,1,0,0,0,0,0,0,0,1,1,0,0,0,0,0,0,0,0
-0.04802204,-1.383771449,0.062290587,-0.738667543,0,0,1,0,0,0,1,0,0,0,0,0,1,0,0,0,1,0,0,0,0,0
-0.927546579,0.14694918,-0.713585953,0.256953092,1,0,1,0,1,0,0,0,0,0,0,0,1,1,0,0,0,0,0,0,0,0
1.447169676,0.14694918,-0.905339817,-0.738667543,1,0,1,0,1,0,0,0,0,0,0,0,1,0,0,0,0,0,1,0,0,0
-0.04802204,0.14694918,-0.732725895,-1.23647786,1,0,0,1,0,1,0,0,0,0,0,0,1,0,1,0,0,0,0,0,0,0
-0.839594125,0.14694918,-0.477172224,0.256953092,1,0,1,0,1,0,0,0,0,0,0,1,0,0,0,0,0,1,0,0,0,0
-1.19140394,0.14694918,-1.006001735,-0.240857225,0,0,0,1,1,0,0,0,0,0,0,0,1,0,0,0,0,0,1,0,0,1
0.303787776,-1.383771449,-0.923416429,-1.23647786,0,0,1,0,0,0,0,1,0,1,0,0,0,0,1,0,0,0,0,0,0,0
0.919454953,-1.383771449,-0.361623685,-0.738667543,0,0,1,0,1,0,0,0,0,0,0,1,0,0,0,0,0,1,0,0,0,0
-1.015499033,0.14694918,-0.397422466,0.75476341,0,0,1,0,1,0,0,0,0,0,1,0,0,0,1,0,0,0,0,0,0,1
-0.04802204,0.14694918,0.311818721,0.256953092,1,0,1,0,0,1,0,0,0,0,0,0,1,0,0,0,0,1,0,0,0,0
-1.015499033,0.14694918,-0.43995567,-0.987572702,1,0,1,0,0,0,0,0,1,0,1,0,0,0,0,0,0,1,0,0,0,0
-0.751641671,-1.383771449,1.469785215,3.243814997,1,0,1,0,0,0,0,0,1,0,1,0,0,0,0,0,0,0,1,0,0,0
-0.04802204,-1.383771449,-0.208149705,0.256953092,1,0,1,0,1,0,0,0,0,0,0,0,1,0,0,0,0,0,1,0,0,0
-0.575736763,0.14694918,-0.397776909,-0.738667543,1,1,0,0,1,0,0,0,0,1,0,0,0,0,0,0,0,0,1,0,0,1
-1.103451487,0.14694918,0.191662418,-0.489762384,0,0,1,0,0,1,0,0,0,0,0,0,1,0,1,0,0,0,0,0,0,0
1.886931946,-1.383771449,-0.750448064,-0.821635929,0,0,1,0,0,1,0,0,0,0,0,0,1,0,0,0,0,0,1,0,0,0
-0.751641671,0.14694918,-0.572163048,-0.738667543,1,0,1,0,1,0,0,0,0,1,0,0,0,0,0,0,0,1,0,0,0,0
1.711027038,0.14694918,-0.59130299,0.256953092,0,0,1,0,1,0,0,0,0,1,0,0,0,0,0,0,0,0,1,0,0,0
0.039930414,1.67766981,0.719783041,-0.240857225,1,1,0,0,1,0,0,0,0,1,0,0,0,0,1,0,0,0,0,0,0,0
1.886931946,-1.383771449,-0.18546533,-0.738667543,0,1,0,0,1,0,0,0,0,0,0,0,1,0,0,0,1,0,0,0,0,0
-0.311879402,-1.383771449,-0.723155924,-0.904604315,1,0,1,0,1,0,0,0,0,0,0,0,1,0,1,0,0,0,0,0,0,0
0.127882868,0.14694918,-0.875212131,-0.489762384,1,0,1,0,1,0,0,0,0,0,1,0,0,0,0,0,0,0,1,0,0,1
0.039930414,0.14694918,1.0749353,1.252573727,1,0,1,0,0,0,0,0,1,0,0,0,1,1,0,0,0,0,0,0,0,0
0.215835322,0.14694918,-0.616114026,0.256953092,0,0,1,0,1,0,0,0,0,0,0,0,1,0,0,0,0,0,1,0,0,0
0.831502499,1.67766981,2.022716875,-0.57273077,1,0,1,0,1,0,0,0,0,1,0,0,0,0,1,0,0,0,0,0,0,1
-0.927546579,0.14694918,-0.805386787,0.256953092,1,0,1,0,0,0,0,0,1,0,0,0,1,0,0,0,0,0,1,0,0,0
-0.311879402,0.14694918,-0.21594746,-0.240857225,1,0,1,0,0,0,0,0,1,0,0,0,1,0,1,0,0,0,0,0,0,0
0.127882868,0.14694918,-0.662546108,-0.738667543,0,0,0,1,0,0,1,0,0,0,0,0,1,0,0,0,0,1,0,0,0,0
0.039930414,1.67766981,3.153745674,2.248194362,1,1,0,0,0,0,0,0,1,0,1,0,0,0,1,0,0,0,0,0,0,0
-0.663689217,0.14694918,-0.074878998,2.248194362,1,0,1,0,1,0,0,0,0,0,1,0,0,0,0,0,0,0,1,0,0,1
-0.135974494,-1.383771449,3.093135857,0.75476341,1,0,1,0,1,0,0,0,0,1,0,0,0,0,0,0,0,0,0,1,0,1
-0.311879402,0.14694918,-0.203541942,-0.987572702,1,0,1,0,1,0,0,0,0,0,0,0,1,0,0,0,0,0,1,0,0,0
-0.839594125,0.14694918,-0.30739385,-0.240857225,0,0,1,0,1,0,0,0,0,0,0,0,1,0,0,0,0,0,1,0,0,0
1.183312315,-1.383771449,-0.71216818,-0.738667543,1,0,1,0,0,0,0,0,1,1,0,0,0,0,0,0,0,1,0,0,0,0
-0.311879402,0.14694918,0.474862671,-1.23647786,0,0,1,0,1,0,0,0,0,0,0,0,1,0,0,0,0,1,0,0,0,1
-0.575736763,1.67766981,-0.485678865,0.256953092,1,0,0,1,0,1,0,0,0,0,0,0,1,0,0,0,0,0,1,0,0,0
-1.103451487,0.14694918,0.034289561,-0.489762384,1,0,0,1,0,0,0,1,0,0,0,0,1,0,1,0,0,0,0,0,0,0
1.271264769,0.14694918,-0.601581848,-0.738667543,1,0,1,0,1,0,0,0,0,0,0,0,1,0,0,0,0,1,0,0,0,0
1.183312315,-1.383771449,-0.647305043,-0.240857225,1,0,1,0,0,0,0,0,1,0,0,1,0,0,0,0,0,0,1,0,0,0
2.414646669,0.14694918,-0.62072179,-0.489762384,1,0,1,0,0,0,0,0,1,0,0,0,1,0,0,0,0,1,0,0,0,0
0.127882868,0.14694918,0.21505568,0.256953092,1,0,1,0,0,1,0,0,0,0,1,0,0,0,1,0,0,0,0,0,0,0
-0.04802204,-1.383771449,2.640866115,2.165225976,0,0,1,0,1,0,0,0,0,1,0,0,0,0,1,0,0,0,0,0,0,0
-0.839594125,0.14694918,0.537599148,2.248194362,1,0,1,0,1,0,0,0,0,1,0,0,0,0,1,0,0,0,0,0,0,0
-0.399831855,1.67766981,1.527913928,2.248194362,1,1,0,0,0,1,0,0,0,0,1,0,0,0,0,0,0,0,0,0,1,0
1.183312315,0.14694918,-0.772423553,-0.738667543,0,0,1,0,1,0,0,0,0,0,1,0,0,0,0,0,0,0,1,0,0,0
1.095359861,0.14694918,-0.796525702,0.256953092,1,0,1,0,1,0,0,0,0,1,0,0,0,0,0,0,0,0,1,0,0,1
-0.839594125,0.14694918,-0.778094647,-0.738667543,1,0,1,0,1,0,0,0,0,0,0,0,1,1,0,0,0,0,0,0,0,0
-0.663689217,1.67766981,2.171583091,1.252573727,1,0,0,1,1,0,0,0,0,0,1,0,0,0,1,0,0,0,0,0,0,1
0.743550045,1.67766981,1.115696287,0.256953092,0,1,0,0,1,0,0,0,0,1,0,0,0,0,1,0,0,0,0,0,0,0
1.798979492,0.14694918,0.540434695,1.750384045,1,1,0,0,1,0,0,0,0,0,0,1,0,0,1,0,0,0,0,0,0,0
0.919454953,1.67766981,1.544572767,2.248194362,1,0,1,0,0,0,0,0,1,0,0,0,1,1,0,0,0,0,0,0,0,0
-0.839594125,0.14694918,2.370780266,2.248194362,0,0,1,0,1,0,0,0,0,0,1,0,0,0,0,0,0,1,0,0,0,1
-1.367308848,0.14694918,0.497547047,-0.738667543,0,0,0,1,0,0,0,0,1,0,0,0,1,0,1,0,0,0,0,0,0,0
0.831502499,-1.383771449,-0.703307096,-0.904604315,1,0,1,0,0,0,0,0,1,0,0,0,1,0,1,0,0,0,0,0,0,0
0.655597591,0.14694918,-0.268050635,-0.240857225,1,0,1,0,1,0,0,0,0,0,0,0,1,0,0,0,0,1,0,0,0,0
-0.311879402,0.14694918,-0.18652866,0.008047933,1,0,1,0,0,0,0,1,0,0,1,0,0,0,0,0,0,1,0,0,0,0
1.623074584,-2.914492079,-0.921289769,-1.23647786,0,0,1,0,1,0,0,0,0,0,0,0,1,0,1,0,0,0,0,0,0,0
0.567645137,0.14694918,0.188826871,1.252573727,0,0,1,0,1,0,0,0,0,0,1,0,0,0,0,0,0,0,1,0,0,1
0.127882868,-1.383771449,-0.683103823,0.256953092,1,0,1,0,0,0,0,0,1,0,0,1,0,0,1,0,0,0,0,0,0,1
1.183312315,0.14694918,-0.791563495,-0.904604315,1,0,1,0,1,0,0,0,0,1,0,0,0,0,1,0,0,0,0,0,0,0
0.743550045,0.14694918,2.429972309,2.248194362,1,1,0,0,0,0,1,0,0,0,0,0,1,0,1,0,0,0,0,0,0,1
-0.223926948,0.14694918,-0.612569592,-1.23647786,1,0,1,0,0,0,0,1,0,0,0,0,1,0,0,0,0,1,0,0,0,0
-1.015499033,-1.383771449,0.545751346,0.75476341,0,0,0,1,0,0,0,0,1,0,0,0,1,0,1,0,0,0,0,0,0,0
-0.223926948,-1.383771449,-0.901795384,-0.738667543,1,0,1,0,0,1,0,0,0,1,0,0,0,0,0,0,0,0,1,0,0,1
-1.015499033,0.14694918,-0.721029264,-1.070541088,0,0,1,0,1,0,0,0,0,0,1,0,0,0,0,0,0,1,0,0,0,1
-1.19140394,-1.383771449,-1.061649344,-0.987572702,1,0,0,1,1,0,0,0,0,0,1,0,0,0,1,0,0,0,0,0,0,0
0.39174023,-2.914492079,0.747784068,2.248194362,1,1,0,0,0,0,0,0,1,0,1,0,0,0,0,0,0,0,0,0,1,0
-0.927546579,0.14694918,0.793861706,0.256953092,1,0,1,0,0,1,0,0,0,0,0,0,1,0,0,0,0,1,0,0,0,0
-0.839594125,0.14694918,0.169332485,0.256953092,0,0,1,0,1,0,0,0,0,0,0,1,0,0,0,0,0,1,0,0,0,0
-0.927546579,-1.383771449,-0.916682005,-0.738667543,1,0,1,0,1,0,0,0,0,0,1,0,0,0,1,0,0,0,0,0,0,1
-0.575736763,-1.383771449,-0.629937318,-1.402414633,1,0,1,0,0,0,0,0,1,0,0,1,0,0,1,0,0,0,0,0,0,0
-0.399831855,0.14694918,-0.186174216,1.252573727,1,0,1,0,1,0,0,0,0,1,0,0,0,0,0,0,0,1,0,0,0,1
0.215835322,-1.383771449,-0.908529808,-0.738667543,1,0,1,0,1,0,0,0,0,1,0,0,0,0,0,0,0,1,0,0,0,0
1.095359861,-1.383771449,0.382707395,0.256953092,0,0,1,0,0,0,0,0,1,0,1,0,0,0,0,0,0,1,0,0,0,0
-0.311879402,0.14694918,-0.911010911,-0.738667543,1,0,1,0,1,0,0,0,0,0,0,0,1,0,0,0,1,0,0,0,0,0
-0.751641671,-1.383771449,0.131761488,-0.489762384,0,0,1,0,1,0,0,0,0,1,0,0,0,0,0,0,0,1,0,0,0,0
-0.663689217,1.67766981,0.346554171,0.75476341,1,0,1,0,1,0,0,0,0,0,1,0,0,0,1,0,0,0,0,0,0,1
-0.311879402,0.14694918,-0.472564461,0.256953092,1,0,1,0,1,0,0,0,0,1,0,0,0,0,0,0,0,0,1,0,0,1
-0.135974494,1.67766981,-0.128045504,0.256953092,1,1,0,0,1,0,0,0,0,1,0,0,0,0,1,0,0,0,0,0,0,0
-0.663689217,0.14694918,-0.21701079,-0.240857225,1,0,1,0,0,0,0,1,0,1,0,0,0,0,0,0,0,1,0,0,0,0
0.039930414,0.14694918,-0.795107929,-0.240857225,0,0,1,0,1,0,0,0,0,0,0,0,1,0,1,0,0,0,0,0,0,0
0.303787776,-1.383771449,0.044922862,-1.070541088,1,0,1,0,1,0,0,0,0,1,0,0,0,0,1,0,0,0,0,0,0,0
1.183312315,0.14694918,0.896650284,-0.738667543,1,0,0,1,0,0,0,0,1,0,0,0,1,0,0,0,0,1,0,0,0,0
-0.135974494,0.14694918,-0.618949573,0.256953092,0,0,1,0,0,0,0,1,0,0,0,0,1,0,1,0,0,0,0,0,0,0
-0.399831855,0.14694918,0.425949486,1.252573727,1,0,1,0,1,0,0,0,0,0,0,1,0,0,0,0,0,0,1,0,0,0
-0.663689217,0.14694918,-0.780930194,-1.23647786,1,0,1,0,1,0,0,0,0,0,1,0,0,0,0,0,0,0,1,0,0,0
3.470076116,1.67766981,1.185167188,0.256953092,1,1,0,0,1,0,0,0,0,1,0,0,0,0,1,0,0,0,0,0,0,0
-0.487784309,0.14694918,-0.49879327,-0.240857225,0,0,1,0,0,1,0,0,0,0,0,0,1,0,0,0,1,0,0,0,0,1
-1.015499033,1.67766981,1.466240782,3.243814997,0,0,1,0,0,1,0,0,0,0,1,0,0,0,1,0,0,0,0,0,0,1
-1.015499033,-1.383771449,2.948522962,2.248194362,0,0,0,1,0,1,0,0,0,0,0,0,1,0,1,0,0,0,0,0,0,1
-1.103451487,0.14694918,0.297286542,0.256953092,1,0,0,1,1,0,0,0,0,1,0,0,0,0,0,0,0,1,0,0,0,1
0.743550045,1.67766981,0.039960655,-1.23647786,1,0,0,1,1,0,0,0,0,1,0,0,0,0,0,0,0,1,0,0,0,1
-1.103451487,-1.383771449,-0.414790191,-0.655699157,0,0,1,0,1,0,0,0,0,0,1,0,0,0,0,0,0,0,1,0,0,0
-1.015499033,0.14694918,-0.707560416,-0.489762384,0,0,0,1,0,0,0,0,1,1,0,0,0,0,0,1,0,0,0,0,0,1
-0.663689217,0.14694918,0.318198701,0.256953092,1,0,1,0,1,0,0,0,0,1,0,0,0,0,0,0,0,1,0,0,0,0
-0.399831855,-1.383771449,-0.620367347,-0.904604315,1,0,1,0,1,0,0,0,0,0,1,0,0,0,0,0,0,1,0,0,0,0
-1.015499033,0.14694918,0.876092568,0.256953092,0,1,0,0,1,0,0,0,0,0,1,0,0,0,0,0,1,0,0,0,0,0
-0.839594125,-1.383771449,0.116165979,0.008047933,0,0,0,1,1,0,0,0,0,1,0,0,0,0,0,0,0,1,0,0,0,0
-0.927546579,0.14694918,-0.020649162,-0.240857225,1,0,0,1,0,0,1,0,0,0,1,0,0,0,0,0,0,0,1,0,0,0
-0.223926948,1.67766981,0.413898412,-0.240857225,1,0,1,0,1,0,0,0,0,0,1,0,0,1,0,0,0,0,0,0,0,0
0.127882868,-1.383771449,0.24022116,-0.904604315,1,0,1,0,1,0,0,0,0,0,0,1,0,0,1,0,0,0,0,0,0,0
0.655597591,-1.383771449,-0.642342836,-0.489762384,0,0,1,0,1,0,0,0,0,0,0,0,1,0,0,0,0,0,1,0,0,0
-1.103451487,0.14694918,-0.846856661,-0.655699157,1,0,1,0,1,0,0,0,0,0,1,0,0,0,0,0,0,0,1,0,0,0
-1.103451487,-2.914492079,0.172522476,0.256953092,0,0,0,1,0,0,1,0,0,0,1,0,0,0,0,0,0,0,1,0,0,0
-0.135974494,-1.383771449,-0.541680918,-1.23647786,1,0,1,0,0,1,0,0,0,0,0,0,1,1,0,0,0,0,0,0,0,0
-0.311879402,0.14694918,-0.756828045,-0.987572702,1,1,0,0,0,0,0,1,0,0,1,0,0,0,0,0,1,0,0,0,0,1
-1.103451487,0.14694918,-0.721383707,-0.987572702,0,0,0,1,1,0,0,0,0,0,0,0,1,0,0,1,0,0,0,0,0,0
-0.575736763,0.14694918,-0.819564521,-0.987572702,0,0,1,0,1,0,0,0,0,0,1,0,0,0,0,0,0,1,0,0,0,1
0.215835322,1.67766981,-0.014978068,-0.240857225,1,0,1,0,0,0,0,0,1,0,0,0,1,0,1,0,0,0,0,0,0,0
-0.663689217,0.14694918,1.037718746,-0.738667543,1,0,0,1,1,0,0,0,0,1,0,0,0,0,0,0,0,0,1,0,0,1
0.919454953,0.14694918,-0.901795384,-0.904604315,1,1,0,0,0,0,1,0,0,0,0,0,1,0,0,0,1,0,0,0,0,0
-1.103451487,-1.383771449,-0.717839274,0.256953092,1,0,1,0,1,0,0,0,0,0,1,0,0,0,1,0,0,0,0,0,0,1
1.183312315,0.14694918,-0.333268216,-0.738667543,1,0,1,0,0,0,0,0,1,0,0,0,1,0,0,0,0,0,1,0,0,0
-0.839594125,1.67766981,0.422405052,1.252573727,1,0,1,0,1,0,0,0,0,0,0,0,1,0,0,0,0,0,1,0,0,1
-0.663689217,0.14694918,-0.884427658,-0.738667543,1,0,1,0,1,0,0,0,0,0,0,0,1,0,0,0,0,0,1,0,0,0
-1.103451487,0.14694918,-0.306684963,0.75476341,0,0,0,1,1,0,0,0,0,1,0,0,0,0,0,0,0,1,0,0,0,1
2.238741761,0.14694918,-0.720320377,-0.240857225,1,1,0,0,0,0,0,0,1,0,1,0,0,0,0,0,1,0,0,0,0,0
0.127882868,1.67766981,0.045277305,-0.738667543,1,0,1,0,0,0,0,0,1,0,0,1,0,0,0,0,0,0,1,0,0,0
0.039930414,0.14694918,-0.363041459,-0.738667543,0,0,1,0,1,0,0,0,0,0,0,1,0,0,1,0,0,0,0,0,0,0
-1.279356394,0.14694918,-0.533528721,-1.23647786,1,0,0,1,1,0,0,0,0,0,0,0,1,0,0,0,0,1,0,0,0,0
-0.927546579,-2.914492079,-0.282937257,-0.240857225,1,0,1,0,1,0,0,0,0,1,0,0,0,0,0,0,0,1,0,0,0,1
0.039930414,0.14694918,-0.612924036,-0.738667543,1,0,1,0,1,0,0,0,0,0,0,0,1,1,0,0,0,0,0,0,0,0
-0.751641671,0.14694918,0.205131266,-0.240857225,1,0,1,0,1,0,0,0,0,0,0,0,1,0,1,0,0,0,0,0,0,0
-1.19140394,0.14694918,0.134242591,-0.240857225,0,0,0,1,1,0,0,0,0,1,0,0,0,0,0,0,0,1,0,0,0,0
0.567645137,0.14694918,0.061936144,1.252573727,1,0,1,0,1,0,0,0,0,1,0,0,0,0,0,0,0,1,0,0,0,1
0.39174023,0.14694918,-0.095791157,-0.240857225,0,0,0,1,1,0,0,0,0,0,1,0,0,0,0,0,0,1,0,0,0,0
0.039930414,0.14694918,-0.068144574,1.252573727,1,0,1,0,0,0,0,0,1,0,0,0,1,0,1,0,0,0,0,0,0,0
-0.223926948,0.14694918,0.991995551,-0.240857225,1,0,1,0,1,0,0,0,0,0,0,0,1,0,0,0,0,0,1,0,0,0
-1.103451487,0.14694918,-0.398840239,-0.904604315,0,0,0,1,1,0,0,0,0,0,0,0,1,0,0,0,0,1,0,0,0,0
2.414646669,1.67766981,3.716247304,3.243814997,1,1,0,0,0,0,0,0,1,0,0,0,1,0,1,0,0,0,0,0,0,0
2.150789308,1.67766981,4.079906204,3.243814997,0,1,0,0,0,1,0,0,0,0,1,0,0,0,0,0,0,0,0,0,1,1
0.127882868,0.14694918,1.564421596,2.248194362,0,0,0,1,1,0,0,0,0,1,0,0,0,1,0,0,0,0,0,0,0,1
-0.135974494,0.14694918,-0.337167093,-0.240857225,1,0,1,0,1,0,0,0,0,0,0,0,1,0,0,0,0,0,1,0,0,0
0.039930414,0.14694918,-0.859616622,-1.153509474,1,1,0,0,0,0,0,0,1,0,0,0,1,0,0,0,0,0,1,0,0,0
1.886931946,1.67766981,3.915444479,1.252573727,1,1,0,0,1,0,0,0,0,0,1,0,0,0,1,0,0,0,0,0,0,1
1.447169676,-1.383771449,-1.031167214,-1.23647786,0,0,1,0,0,1,0,0,0,0,0,0,1,0,1,0,0,0,0,0,0,0
0.303787776,0.14694918,-0.375446977,-0.074920453,1,0,1,0,0,0,0,0,1,1,0,0,0,0,0,0,0,1,0,0,0,0
0.215835322,1.67766981,3.439781474,-0.240857225,0,1,0,0,1,0,0,0,0,0,1,0,0,0,1,0,0,0,0,0,0,1
-0.927546579,0.14694918,-0.704724869,0.09101632,0,0,0,1,0,0,0,0,1,0,0,0,1,0,1,0,0,0,0,0,0,0
-0.839594125,0.14694918,-0.688066031,-0.738667543,1,0,1,0,1,0,0,0,0,0,0,1,0,0,1,0,0,0,0,0,0,0
-0.839594125,-1.383771449,0.354706369,0.75476341,1,0,1,0,0,1,0,0,0,0,0,0,1,1,0,0,0,0,0,0,0,0
-0.927546579,0.14694918,-0.366231449,-0.240857225,0,0,1,0,1,0,0,0,0,0,0,0,1,0,0,0,0,0,1,0,0,0
-1.279356394,0.14694918,-0.760372478,-0.240857225,0,0,0,1,0,0,0,0,1,0,0,0,1,0,0,0,0,0,1,0,0,0
0.39174023,1.67766981,1.454189707,-0.240857225,1,0,1,0,1,0,0,0,0,0,1,0,0,0,0,0,0,1,0,0,0,0
-0.751641671,0.14694918,-0.335040433,-0.489762384,1,0,1,0,0,0,1,0,0,0,1,0,0,1,0,0,0,0,0,0,0,0
-0.751641671,0.14694918,-0.645887269,-0.987572702,0,0,1,0,1,0,0,0,0,0,0,0,1,1,0,0,0,0,0,0,0,0
-0.487784309,1.67766981,-0.514388779,-0.240857225,1,0,1,0,1,0,0,0,0,0,0,0,1,0,1,0,0,0,0,0,0,0
-1.455261302,-1.383771449,-0.81105788,-0.738667543,0,0,0,1,0,0,0,1,0,0,1,0,0,0,0,0,0,1,0,0,0,0
0.303787776,1.67766981,-0.007889201,1.252573727,1,1,0,0,1,0,0,0,0,1,0,0,0,0,1,0,0,0,0,0,0,0
-0.399831855,0.14694918,-0.465830037,-1.23647786,0,0,1,0,1,0,0,0,0,1,0,0,0,0,0,0,0,0,1,0,0,0
-0.399831855,1.67766981,-0.306684963,-0.987572702,1,0,1,0,1,0,0,0,0,0,0,0,1,0,0,0,0,1,0,0,0,0
-0.311879402,0.14694918,3.008778335,1.501478886,1,0,0,1,0,1,0,0,0,0,1,0,0,0,0,0,1,0,0,0,0,0
1.711027038,1.67766981,-0.245720703,-0.738667543,0,1,0,0,1,0,0,0,0,1,0,0,0,0,0,0,0,1,0,0,0,0
0.919454953,0.14694918,-0.327242678,1.252573727,1,0,1,0,1,0,0,0,0,1,0,0,0,0,0,0,0,1,0,0,0,0
0.919454953,0.14694918,-0.725991471,-0.738667543,1,0,0,1,1,0,0,0,0,0,1,0,0,0,1,0,0,0,0,0,0,1
0.655597591,-1.383771449,-0.622139563,0.256953092,0,0,1,0,0,0,0,1,0,0,0,0,1,0,0,0,0,0,1,0,0,0
0.303787776,0.14694918,-0.637380628,-0.240857225,1,0,1,0,1,0,0,0,0,0,0,0,1,0,0,0,0,0,1,0,0,0
-0.663689217,0.14694918,-0.490641073,-0.240857225,1,0,1,0,0,0,0,0,1,0,1,0,0,1,0,0,0,0,0,0,0,0
-0.751641671,0.14694918,1.905750562,0.256953092,1,0,1,0,1,0,0,0,0,0,0,0,1,1,0,0,0,0,0,0,0,1
-0.751641671,-1.383771449,-0.875212131,-0.57273077,1,0,1,0,1,0,0,0,0,0,0,0,1,0,1,0,0,0,0,0,0,0
0.655597591,0.14694918,-0.131944381,-0.240857225,1,0,1,0,0,0,0,0,1,0,1,0,0,0,1,0,0,0,0,0,0,0
-1.19140394,0.14694918,-0.43676568,0.256953092,1,0,1,0,1,0,0,0,0,0,1,0,0,0,0,0,0,0,1,0,0,1
0.655597591,0.14694918,-0.380763627,0.256953092,1,0,1,0,0,0,0,0,1,0,0,0,1,0,1,0,0,0,0,0,0,0
-0.751641671,0.14694918,-0.786246844,-0.489762384,1,0,1,0,1,0,0,0,0,1,0,0,0,0,0,0,0,0,1,0,0,0
-0.839594125,1.67766981,-0.012851408,0.256953092,1,0,1,0,0,0,1,0,0,0,0,0,1,0,0,0,0,0,1,0,0,0
-0.663689217,0.14694918,-0.826653389,-0.738667543,1,0,1,0,0,0,1,0,0,0,0,1,0,0,1,0,0,0,0,0,0,1
-1.367308848,0.14694918,-0.462285603,0.256953092,0,0,1,0,1,0,0,0,0,0,1,0,0,0,0,0,0,0,1,0,0,0
-0.04802204,1.67766981,1.411302059,1.003668569,1,0,1,0,1,0,0,0,0,0,0,0,1,0,1,0,0,0,0,0,0,0
0.567645137,1.67766981,-0.347091507,-0.738667543,1,0,1,0,1,0,0,0,0,0,0,0,1,1,0,0,0,0,0,0,0,1
0.39174023,-1.383771449,-0.59342965,-0.904604315,1,0,0,1,0,0,1,0,0,0,0,0,1,0,1,0,0,0,0,0,0,0
-0.04802204,0.14694918,-0.669989419,0.256953092,0,0,1,0,0,0,0,0,1,1,0,0,0,0,1,0,0,0,0,0,0,1
-0.04802204,0.14694918,0.911182462,1.252573727,1,0,1,0,1,0,0,0,0,0,0,0,1,0,1,0,0,0,0,0,0,0
-0.223926948,-1.383771449,-0.24536626,-0.738667543,1,0,1,0,1,0,0,0,0,1,0,0,0,0,1,0,0,0,0,0,0,1
-1.103451487,0.14694918,1.843014086,-0.240857225,0,0,0,1,0,0,0,0,1,1,0,0,0,0,0,0,1,0,0,0,0,0
-0.399831855,1.67766981,-0.173414255,0.008047933,0,0,1,0,0,0,1,0,0,0,0,0,1,0,1,0,0,0,0,0,0,0
-0.223926948,0.14694918,-0.790145722,-0.240857225,0,0,1,0,0,0,0,0,1,0,1,0,0,0,1,0,0,0,0,0,0,1
-1.367308848,0.14694918,-0.030219133,-0.489762384,0,0,0,1,0,0,0,1,0,0,0,0,1,0,1,0,0,0,0,0,0,0
-0.487784309,0.14694918,-0.440664557,-0.738667543,1,0,1,0,0,0,0,0,1,0,1,0,0,0,1,0,0,0,0,0,0,0
1.007407407,-1.383771449,-0.819918965,-0.738667543,1,0,1,0,1,0,0,0,0,0,1,0,0,0,1,0,0,0,0,0,0,0
-0.135974494,1.67766981,-0.595556311,0.008047933,1,0,1,0,0,1,0,0,0,0,0,0,1,0,0,0,0,1,0,0,0,0
-0.927546579,0.14694918,-0.180503123,-0.738667543,0,0,1,0,0,0,0,0,1,0,1,0,0,0,0,0,0,1,0,0,0,1
-1.279356394,0.14694918,-0.174477585,-0.240857225,1,0,0,1,1,0,0,0,0,0,1,0,0,0,1,0,0,0,0,0,0,0
-0.575736763,0.14694918,-0.187237547,0.588826637,1,0,1,0,1,0,0,0,0,0,0,0,1,0,0,0,0,0,1,0,0,0
0.919454953,0.14694918,-0.752220281,-0.240857225,1,0,1,0,0,0,0,1,0,0,0,0,1,0,0,0,0,0,1,0,0,0
-1.367308848,0.14694918,-0.694091568,-0.987572702,1,0,1,0,1,0,0,0,0,0,0,0,1,0,0,0,0,1,0,0,0,0
1.711027038,-2.914492079,-0.737688103,-0.240857225,0,1,0,0,1,0,0,0,0,1,0,0,0,0,0,0,0,0,0,1,0,1
3.382123662,-1.383771449,0.06264503,-1.319446247,1,0,1,0,1,0,0,0,0,0,0,0,1,1,0,0,0,0,0,0,0,0
-0.575736763,1.67766981,2.855658798,0.256953092,1,0,1,0,1,0,0,0,0,0,1,0,0,0,0,0,0,0,0,0,1,1
0.039930414,1.67766981,-0.495957723,-1.23647786,1,1,0,0,1,0,0,0,0,1,0,0,0,0,0,0,0,1,0,0,0,0
-0.223926948,0.14694918,-0.430031256,0.256953092,1,0,1,0,1,0,0,0,0,0,0,0,1,0,0,0,0,0,0,1,0,0
-0.927546579,0.14694918,-0.402384673,-0.987572702,1,0,1,0,1,0,0,0,0,1,0,0,0,0,0,0,0,1,0,0,0,0
-0.927546579,0.14694918,-0.633481751,-0.738667543,1,0,1,0,0,0,0,0,1,0,1,0,0,0,0,0,0,0,1,0,0,1
-1.103451487,-1.383771449,-0.92554309,-1.23647786,1,0,0,1,0,0,1,0,0,0,0,0,1,0,0,0,0,0,0,1,0,0
0.127882868,0.14694918,-0.703307096,0.256953092,0,0,1,0,0,0,0,1,0,0,0,0,1,0,1,0,0,0,0,0,0,0
2.590551577,-2.914492079,0.043505088,1.750384045,1,0,1,0,1,0,0,0,0,1,0,0,0,0,0,0,0,0,0,1,0,0
-0.839594125,-2.914492079,-0.943619701,-0.738667543,0,0,1,0,1,0,0,0,0,0,0,1,0,1,0,0,0,0,0,0,0,1
0.303787776,1.67766981,-0.491704403,-0.738667543,1,0,1,0,1,0,0,0,0,0,0,0,1,0,1,0,0,0,0,0,0,0
-0.487784309,0.14694918,-0.585277453,-0.738667543,0,0,1,0,1,0,0,0,0,1,0,0,0,0,0,0,0,1,0,0,0,0
-0.575736763,0.14694918,-0.227644091,-0.074920453,1,0,1,0,1,0,0,0,0,0,1,0,0,0,0,0,0,0,0,0,1,0
0.479692684,-1.383771449,-0.904630931,-0.738667543,1,0,1,0,1,0,0,0,0,0,0,0,1,0,0,0,1,0,0,0,0,1
-0.487784309,1.67766981,0.646767707,2.248194362,0,0,1,0,1,0,0,0,0,0,1,0,0,0,0,0,0,1,0,0,0,1
0.479692684,-1.383771449,-0.718548161,-0.987572702,0,0,0,1,0,0,0,0,1,0,0,0,1,0,0,0,1,0,0,0,0,0
-0.135974494,0.14694918,-0.506591024,1.252573727,0,0,1,0,1,0,0,0,0,1,0,0,0,0,1,0,0,0,0,0,0,1
-0.04802204,0.14694918,-0.24642959,-1.153509474,1,0,1,0,1,0,0,0,0,0,1,0,0,0,0,0,0,0,1,0,0,0
1.711027038,1.67766981,-0.654748354,-0.738667543,0,0,1,0,0,0,0,0,1,0,0,1,0,0,0,0,0,1,0,0,0,0
2.238741761,0.14694918,-0.623557337,-0.489762384,1,0,1,0,0,0,0,1,0,0,1,0,0,0,0,0,0,0,0,1,0,1
-0.487784309,1.67766981,2.758541314,1.252573727,1,0,1,0,0,0,0,0,1,0,0,0,1,0,1,0,0,0,0,0,0,0
-0.575736763,0.14694918,-0.975874048,-1.23647786,0,0,1,0,1,0,0,0,0,0,0,0,1,0,0,0,0,0,1,0,0,0
-0.135974494,0.14694918,-0.181566453,-0.738667543,1,0,1,0,1,0,0,0,0,0,0,0,1,0,0,0,0,1,0,0,0,0
-0.04802204,1.67766981,-0.213111913,0.256953092,1,0,1,0,1,0,0,0,0,0,0,0,1,0,1,0,0,0,0,0,0,0
-0.399831855,0.14694918,0.547878006,0.256953092,1,0,1,0,1,0,0,0,0,1,0,0,0,0,1,0,0,0,0,0,0,1
-0.575736763,1.67766981,-0.209921922,0.256953092,0,0,1,0,1,0,0,0,0,0,0,0,1,0,1,0,0,0,0,0,0,0
0.039930414,0.14694918,0.224625651,-0.821635929,1,0,0,1,1,0,0,0,0,1,0,0,0,0,1,0,0,0,0,0,0,0
-0.04802204,0.14694918,0.040669541,-0.738667543,1,1,0,0,1,0,0,0,0,1,0,0,0,0,1,0,0,0,0,0,0,1
-0.751641671,0.14694918,-1.037901638,-1.23647786,0,0,1,0,1,0,0,0,0,1,0,0,0,0,0,1,0,0,0,0,0,0
-0.311879402,0.14694918,0.468837134,-0.240857225,1,0,1,0,1,0,0,0,0,0,0,0,1,0,0,0,0,0,1,0,0,0
0.127882868,0.14694918,0.12360929,1.252573727,1,0,1,0,1,0,0,0,0,1,0,0,0,0,0,0,0,1,0,0,0,0
0.039930414,0.14694918,-0.549478672,-0.489762384,1,0,1,0,1,0,0,0,0,1,0,0,0,0,1,0,0,0,0,0,0,0
-0.135974494,1.67766981,-0.090120063,-0.738667543,0,0,0,1,1,0,0,0,0,0,1,0,0,0,0,0,0,1,0,0,0,0
0.215835322,0.14694918,-0.892225413,-0.738667543,1,0,1,0,0,0,0,0,1,0,1,0,0,0,0,0,1,0,0,0,0,0
-0.135974494,0.14694918,-0.46831114,-0.240857225,1,0,1,0,1,0,0,0,0,0,0,0,1,1,0,0,0,0,0,0,0,0
2.414646669,0.14694918,-0.123083296,0.256953092,1,0,1,0,1,0,0,0,0,1,0,0,0,0,1,0,0,0,0,0,0,0
-0.575736763,-1.383771449,-0.571454161,0.256953092,0,0,0,1,1,0,0,0,0,1,0,0,0,0,0,0,0,0,1,0,0,1
-0.311879402,0.14694918,1.405985409,2.248194362,1,0,1,0,0,0,0,0,1,0,0,0,1,0,0,0,0,0,1,0,0,0
-0.839594125,0.14694918,-0.179794236,1.003668569,0,0,1,0,1,0,0,0,0,0,0,0,1,1,0,0,0,0,0,0,0,0
-0.04802204,-1.383771449,0.498964821,0.256953092,1,0,1,0,1,0,0,0,0,0,0,0,1,0,1,0,0,0,0,0,0,0
-1.19140394,0.14694918,-0.06353681,0.256953092,1,0,0,1,0,1,0,0,0,0,1,0,0,0,0,0,0,0,1,0,0,1
-1.103451487,0.14694918,-1.000685084,-1.23647786,0,0,1,0,1,0,0,0,0,1,0,0,0,0,0,0,1,0,0,0,0,1
-0.663689217,-1.383771449,-0.92766975,-0.987572702,1,0,1,0,1,0,0,0,0,1,0,0,0,0,1,0,0,0,0,0,0,1
0.039930414,1.67766981,-0.720674821,-1.23647786,1,0,1,0,0,0,0,0,1,0,0,0,1,0,0,0,1,0,0,0,0,0
-0.223926948,0.14694918,-0.718193717,-0.240857225,1,0,1,0,1,0,0,0,0,0,1,0,0,0,0,0,0,0,1,0,0,1
-0.839594125,0.14694918,-0.055739056,-0.240857225,0,0,0,1,1,0,0,0,0,1,0,0,0,0,0,0,0,1,0,0,0,1
-1.015499033,0.14694918,-0.248910693,1.501478886,1,0,1,0,0,0,1,0,0,0,0,0,1,0,1,0,0,0,0,0,0,0
-0.927546579,0.14694918,0.666616535,0.256953092,1,0,1,0,1,0,0,0,0,0,0,1,0,0,0,0,0,0,1,0,0,0
0.303787776,-1.383771449,-0.791917938,-0.738667543,1,0,1,0,0,1,0,0,0,0,1,0,0,1,0,0,0,0,0,0,0,0
0.743550045,0.14694918,-0.635608412,-0.489762384,1,0,1,0,1,0,0,0,0,1,0,0,0,0,0,0,0,1,0,0,0,0
-1.103451487,-1.383771449,0.106950452,-0.738667543,0,0,1,0,1,0,0,0,0,0,1,0,0,0,0,0,0,0,1,0,0,0
-0.839594125,0.14694918,-0.733789225,0.256953092,1,0,1,0,1,0,0,0,0,0,1,0,0,0,1,0,0,0,0,0,0,0
1.886931946,0.14694918,0.124318177,0.75476341,0,0,0,1,0,0,0,1,0,1,0,0,0,0,0,0,0,1,0,0,0,0
-0.487784309,0.14694918,-0.819210078,-0.489762384,0,0,1,0,0,0,0,1,0,0,0,0,1,0,0,0,0,1,0,0,0,0
0.743550045,0.14694918,-0.747258074,-0.738667543,1,0,1,0,0,0,1,0,0,0,0,0,1,0,1,0,0,0,0,0,0,0
1.007407407,1.67766981,-0.730953679,-1.23647786,1,0,1,0,1,0,0,0,0,0,1,0,0,0,1,0,0,0,0,0,0,1
1.447169676,0.14694918,-0.06885346,-0.738667543,1,0,1,0,1,0,0,0,0,0,0,0,1,0,0,0,0,0,1,0,0,0
2.326694215,0.14694918,0.172168032,0.256953092,0,1,0,0,1,0,0,0,0,0,0,0,1,0,1,0,0,0,0,0,0,0
-0.04802204,-1.383771449,-0.656875014,-0.904604315,1,0,0,1,0,1,0,0,0,0,0,0,1,0,1,0,0,0,0,0,0,0
-0.839594125,0.14694918,0.087456066,-1.23647786,1,0,0,1,1,0,0,0,0,0,0,0,1,0,1,0,0,0,0,0,0,0
-0.839594125,0.14694918,-0.473982234,-0.738667543,1,0,1,0,1,0,0,0,0,0,0,0,1,0,0,0,0,0,1,0,0,0
0.567645137,1.67766981,1.78878425,0.505858251,0,1,0,0,1,0,0,0,0,0,1,0,0,1,0,0,0,0,0,0,0,1
-0.751641671,0.14694918,-0.721029264,-1.23647786,0,0,1,0,0,1,0,0,0,0,0,0,1,0,0,0,0,0,1,0,0,0
0.215835322,0.14694918,-1.029040554,-1.23647786,1,0,1,0,0,0,0,0,1,0,1,0,0,0,0,0,0,0,1,0,0,0
0.303787776,-1.383771449,-0.40734688,-0.738667543,1,0,0,1,1,0,0,0,0,1,0,0,0,0,1,0,0,0,0,0,0,0
-1.367308848,0.14694918,-0.097563374,0.256953092,1,0,1,0,0,0,0,0,1,1,0,0,0,0,0,0,0,1,0,0,0,1
-0.575736763,1.67766981,2.042565704,1.252573727,1,0,0,1,0,1,0,0,0,0,1,0,0,0,0,0,0,1,0,0,0,1
0.39174023,0.14694918,-0.597682971,0.256953092,1,0,1,0,1,0,0,0,0,0,0,0,1,0,0,0,0,1,0,0,0,0
-0.311879402,-1.383771449,-0.698344888,-0.240857225,1,0,1,0,1,0,0,0,0,0,1,0,0,0,0,0,0,0,1,0,0,0
-0.663689217,0.14694918,-0.690547134,-1.23647786,1,0,1,0,0,1,0,0,0,0,0,1,0,0,1,0,0,0,0,0,0,0
-0.751641671,0.14694918,-0.052549065,0.256953092,0,0,1,0,1,0,0,0,0,1,0,0,0,0,1,0,0,0,0,0,0,1
0.567645137,0.14694918,0.787481725,1.252573727,1,1,0,0,1,0,0,0,0,1,0,0,0,0,1,0,0,0,0,0,0,0
1.183312315,0.14694918,-0.760372478,-0.987572702,1,0,1,0,0,1,0,0,0,0,0,1,0,0,0,0,0,0,1,0,0,0
0.215835322,0.14694918,-0.728472575,0.256953092,1,0,1,0,0,1,0,0,0,0,1,0,0,0,0,0,0,0,1,0,0,1
-1.015499033,0.14694918,-0.731662565,0.256953092,0,0,0,1,1,0,0,0,0,1,0,0,0,0,1,0,0,0,0,0,0,1
-0.751641671,-1.383771449,-0.695509341,-0.904604315,1,0,1,0,0,0,0,0,1,0,0,0,1,0,1,0,0,0,0,0,0,1
0.039930414,0.14694918,-0.322989358,-0.489762384,1,0,1,0,0,0,1,0,0,0,0,1,0,0,1,0,0,0,0,0,0,0
-0.135974494,1.67766981,1.26846138,-0.489762384,1,0,1,0,0,1,0,0,0,0,1,0,0,0,1,0,0,0,0,0,0,1
-0.663689217,0.14694918,-0.658647231,0.256953092,1,0,1,0,1,0,0,0,0,0,0,0,1,0,0,0,0,0,1,0,0,0
0.831502499,1.67766981,1.88448396,1.501478886,1,0,1,0,0,1,0,0,0,0,0,0,1,0,1,0,0,0,0,0,0,0
-0.839594125,0.14694918,-0.890453196,-0.738667543,1,0,1,0,1,0,0,0,0,1,0,0,0,0,1,0,0,0,0,0,0,1
-0.311879402,1.67766981,0.501445924,1.252573727,1,1,0,0,1,0,0,0,0,0,0,0,1,0,1,0,0,0,0,0,0,0
-0.839594125,0.14694918,-0.207086375,-0.489762384,1,0,0,1,1,0,0,0,0,0,0,1,0,1,0,0,0,0,0,0,0,0
-1.367308848,0.14694918,-0.952126342,-0.738667543,1,0,0,1,1,0,0,0,0,0,1,0,0,0,0,0,0,0,1,0,0,0
1.623074584,0.14694918,-0.360205912,0.256953092,1,0,1,0,0,0,0,0,1,0,0,0,1,0,1,0,0,0,0,0,0,0
0.127882868,0.14694918,-0.943619701,-1.23647786,0,0,1,0,1,0,0,0,0,1,0,0,0,0,1,0,0,0,0,0,0,0
0.39174023,-1.383771449,-0.677078286,-1.23647786,1,0,1,0,1,0,0,0,0,1,0,0,0,0,1,0,0,0,0,0,0,0
-1.103451487,0.14694918,1.366642194,1.252573727,0,0,0,1,1,0,0,0,0,0,0,0,1,0,0,0,0,1,0,0,0,1
0.655597591,0.14694918,-0.733080339,-1.23647786,1,0,1,0,0,1,0,0,0,1,0,0,0,0,1,0,0,0,0,0,0,0
0.039930414,0.14694918,-0.911365355,-1.23647786,1,1,0,0,0,0,0,0,1,0,0,0,1,0,0,0,0,0,1,0,0,0
0.743550045,0.14694918,0.792443932,0.256953092,1,1,0,0,1,0,0,0,0,0,0,0,1,0,0,0,0,0,0,1,0,0
-1.015499033,0.14694918,-0.028801359,-0.240857225,0,0,1,0,1,0,0,0,0,1,0,0,0,0,0,0,0,0,1,0,0,1
1.53512213,0.14694918,1.363806647,2.248194362,1,1,0,0,1,0,0,0,0,1,0,0,0,0,0,0,0,1,0,0,0,1
-1.103451487,0.14694918,0.076822765,0.256953092,0,0,1,0,0,1,0,0,0,0,0,0,1,0,1,0,0,0,0,0,0,0
-0.839594125,-1.383771449,-0.764980242,-0.240857225,0,0,1,0,1,0,0,0,0,0,1,0,0,0,0,0,0,0,1,0,0,0
-0.487784309,0.14694918,1.664020183,0.422889865,1,0,1,0,1,0,0,0,0,0,1,0,0,0,1,0,0,0,0,0,0,0
-0.399831855,0.14694918,-0.61646847,-0.489762384,0,0,1,0,0,1,0,0,0,0,0,0,1,0,0,0,1,0,0,0,0,0
0.567645137,-1.383771449,-0.626747327,-1.402414633,1,0,1,0,1,0,0,0,0,0,0,0,1,0,0,0,0,0,1,0,0,0
-0.399831855,0.14694918,-0.343547073,1.252573727,1,0,0,1,1,0,0,0,0,1,0,0,0,0,0,0,0,0,1,0,0,1
0.479692684,-1.383771449,-0.924834203,-1.23647786,1,0,1,0,1,0,0,0,0,1,0,0,0,0,1,0,0,0,0,0,0,0
-0.311879402,0.14694918,-0.353825931,1.252573727,1,0,1,0,1,0,0,0,0,0,1,0,0,0,0,0,1,0,0,0,0,0
-0.663689217,0.14694918,-0.226935204,-0.489762384,0,0,0,1,0,1,0,0,0,0,1,0,0,0,1,0,0,0,0,0,0,1
0.479692684,0.14694918,-0.626747327,-0.738667543,1,0,0,1,1,0,0,0,0,0,0,0,1,0,1,0,0,0,0,0,0,0
-0.839594125,0.14694918,-0.694800455,0.256953092,1,0,1,0,0,1,0,0,0,0,0,0,1,0,0,0,0,0,1,0,0,0
-0.927546579,0.14694918,-0.058929046,0.256953092,1,0,1,0,0,0,0,0,1,0,0,0,1,0,0,0,0,0,1,0,0,0
-0.223926948,0.14694918,-0.337521536,0.008047933,1,0,0,1,1,0,0,0,0,0,0,1,0,0,0,0,1,0,0,0,0,1
3.470076116,1.67766981,-0.672470522,-1.23647786,0,0,1,0,0,0,0,0,1,1,0,0,0,0,1,0,0,0,0,0,0,0
0.127882868,0.14694918,0.120773743,-0.240857225,0,0,1,0,1,0,0,0,0,0,1,0,0,0,0,0,0,1,0,0,0,0
0.567645137,1.67766981,1.592068179,2.248194362,1,1,0,0,1,0,0,0,0,1,0,0,0,0,1,0,0,0,0,0,0,1
0.831502499,-1.383771449,-0.078777875,-0.240857225,0,0,1,0,1,0,0,0,0,0,0,1,0,0,0,0,0,1,0,0,0,0
-1.103451487,0.14694918,-0.615759583,-0.738667543,1,0,0,1,1,0,0,0,0,0,1,0,0,0,0,0,0,0,1,0,0,1
2.150789308,0.14694918,-0.439246784,0.256953092,1,1,0,0,1,0,0,0,0,0,0,0,1,0,1,0,0,0,0,0,0,0
-0.399831855,0.14694918,1.091239695,0.75476341,1,0,1,0,0,0,0,0,1,1,0,0,0,0,0,0,0,1,0,0,0,1
-0.135974494,-1.383771449,-0.144349899,-0.240857225,1,0,1,0,1,0,0,0,0,0,0,1,0,0,0,0,0,1,0,0,0,1
2.238741761,-1.383771449,-0.714649283,-0.738667543,1,0,1,0,1,0,0,0,0,0,0,0,1,0,1,0,0,0,0,0,0,0
0.655597591,0.14694918,-0.6870027,0.256953092,1,1,0,0,1,0,0,0,0,1,0,0,0,0,1,0,0,0,0,0,0,1
0.127882868,0.14694918,-0.442791217,0.256953092,0,0,1,0,1,0,0,0,0,0,0,0,1,0,1,0,0,0,0,0,0,0
-0.311879402,0.14694918,-0.609379602,0.256953092,1,0,1,0,1,0,0,0,0,0,0,0,1,0,0,0,0,0,1,0,0,0
-1.015499033,-1.383771449,-0.937594164,-0.738667543,0,0,1,0,1,0,0,0,0,1,0,0,0,0,0,0,0,0,1,0,0,1
-0.04802204,0.14694918,1.98018367,2.248194362,1,1,0,0,0,0,0,0,1,0,0,0,1,0,1,0,0,0,0,0,0,0
-1.103451487,0.14694918,-0.806450117,-0.738667543,0,0,1,0,0,0,0,0,1,0,0,0,1,0,0,0,0,0,0,1,0,0
0.831502499,-1.383771449,-0.539199815,-1.23647786,1,0,1,0,0,0,1,0,0,0,0,0,1,0,0,0,0,0,1,0,0,0
-0.135974494,0.14694918,1.321273443,2.248194362,1,0,1,0,1,0,0,0,0,1,0,0,0,0,0,0,0,0,1,0,0,1
-0.751641671,0.14694918,-0.452361188,-0.738667543,1,0,1,0,0,1,0,0,0,0,1,0,0,0,1,0,0,0,0,0,0,0
2.766456485,1.67766981,-0.734498112,-0.987572702,0,0,1,0,1,0,0,0,0,0,1,0,0,0,0,0,1,0,0,0,0,0
-1.19140394,0.14694918,-0.687711587,-0.738667543,1,0,1,0,1,0,0,0,0,0,1,0,0,0,0,0,0,0,1,0,0,1
-0.663689217,0.14694918,-0.352053714,-0.240857225,0,0,1,0,0,1,0,0,0,0,1,0,0,0,1,0,0,0,0,0,0,1
-0.575736763,0.14694918,0.613804473,0.008047933,0,0,1,0,0,0,0,0,1,0,0,0,1,0,1,0,0,0,0,0,0,1
-0.751641671,0.14694918,0.099507141,0.256953092,1,0,1,0,1,0,0,0,0,1,0,0,0,0,0,0,0,1,0,0,0,1
-0.399831855,-1.383771449,-0.476108894,-0.240857225,1,0,1,0,1,0,0,0,0,0,1,0,0,0,0,0,0,1,0,0,0,1
1.183312315,0.14694918,-0.108905561,0.256953092,1,1,0,0,0,0,0,0,1,1,0,0,0,0,1,0,0,0,0,0,0,0
-1.015499033,-1.383771449,-0.611506262,0.256953092,1,0,0,1,1,0,0,0,0,1,0,0,0,0,0,0,0,0,1,0,0,1
-0.575736763,0.14694918,-0.917390892,-1.23647786,0,0,1,0,1,0,0,0,0,0,0,1,0,0,0,0,0,0,1,0,0,0
0.127882868,0.14694918,3.231723215,1.252573727,1,1,0,0,0,0,0,0,1,0,1,0,0,0,1,0,0,0,0,0,0,1
0.127882868,1.67766981,0.510661452,0.256953092,1,0,1,0,0,0,0,0,1,0,1,0,0,1,0,0,0,0,0,0,0,0
-1.103451487,0.14694918,-0.609025159,0.256953092,0,0,0,1,0,1,0,0,0,0,1,0,0,0,0,0,0,0,1,0,0,0
0.039930414,0.14694918,-0.673179409,-0.738667543,1,0,1,0,1,0,0,0,0,1,0,0,0,0,1,0,0,0,0,0,0,1
-0.135974494,0.14694918,-0.245720703,0.256953092,1,0,1,0,0,0,0,1,0,0,0,0,1,0,0,0,0,0,1,0,0,0
0.479692684,0.14694918,0.250854461,2.248194362,1,0,1,0,0,0,0,0,1,0,1,0,0,0,0,0,0,0,1,0,0,0
-0.399831855,0.14694918,1.23585259,2.248194362,0,0,1,0,1,0,0,0,0,1,0,0,0,0,0,0,0,0,1,0,0,1
-1.103451487,-1.383771449,-0.013205851,0.256953092,0,0,0,1,1,0,0,0,0,1,0,0,0,0,0,0,0,1,0,0,0,1
0.215835322,0.14694918,0.950880119,0.75476341,1,0,1,0,1,0,0,0,0,0,0,0,1,0,0,0,0,0,1,0,0,0
-0.839594125,1.67766981,0.766215123,0.256953092,0,0,0,1,0,0,0,0,1,0,0,0,1,0,1,0,0,0,0,0,0,0
-1.19140394,-1.383771449,-0.873794357,-0.489762384,0,0,1,0,1,0,0,0,0,1,0,0,0,1,0,0,0,0,0,0,0,0
-0.751641671,-1.383771449,-0.775967987,-0.987572702,1,0,1,0,1,0,0,0,0,0,1,0,0,0,0,0,0,0,1,0,0,0
-1.015499033,0.14694918,-0.171287595,-0.489762384,0,0,1,0,1,0,0,0,0,0,0,0,1,0,0,0,0,1,0,0,0,0
-0.751641671,0.14694918,-0.120956636,-0.738667543,0,0,1,0,1,0,0,0,0,0,1,0,0,0,0,0,0,0,1,0,0,0
-0.223926948,0.14694918,-0.476463338,0.256953092,0,0,1,0,0,0,0,0,1,0,0,0,1,0,0,0,1,0,0,0,0,0
-0.751641671,0.14694918,-0.159945407,1.252573727,1,0,1,0,1,0,0,0,0,0,1,0,0,0,1,0,0,0,0,0,0,1
-0.751641671,-1.383771449,-0.827362276,0.256953092,1,0,1,0,1,0,0,0,0,0,0,0,1,0,0,0,1,0,0,0,0,0
-0.487784309,0.14694918,-0.785183514,-0.240857225,1,0,1,0,1,0,0,0,0,0,1,0,0,0,1,0,0,0,0,0,0,1
1.183312315,-1.383771449,-0.052194622,-0.738667543,1,0,1,0,1,0,0,0,0,0,1,0,0,0,1,0,0,0,0,0,0,0
-0.839594125,0.14694918,-0.667508315,-0.987572702,0,0,0,1,1,0,0,0,0,0,0,0,1,0,0,0,0,1,0,0,0,0
-0.223926948,-1.383771449,-0.314482717,1.252573727,1,0,0,1,1,0,0,0,0,0,1,0,0,0,0,0,0,0,0,1,0,1
1.447169676,1.67766981,-0.403448003,-0.738667543,0,1,0,0,0,0,0,0,1,0,0,0,1,0,1,0,0,0,0,0,0,0
-1.367308848,0.14694918,-0.43676568,-0.240857225,0,0,0,1,1,0,0,0,0,1,0,0,0,0,0,0,0,1,0,0,0,1
0.039930414,0.14694918,-0.167388718,-0.987572702,1,0,0,1,1,0,0,0,0,1,0,0,0,0,1,0,0,0,0,0,0,0
-1.279356394,-1.383771449,-0.702598209,-0.738667543,1,0,1,0,1,0,0,0,0,1,0,0,0,0,0,0,0,1,0,0,0,0
1.007407407,-1.383771449,-0.728118132,-0.240857225,1,0,1,0,1,0,0,0,0,1,0,0,0,0,0,1,0,0,0,0,0,1
2.150789308,0.14694918,-0.363395902,-0.738667543,1,0,1,0,1,0,0,0,0,1,0,0,0,0,0,0,0,1,0,0,0,1
1.9748844,-1.383771449,-1.023015017,-0.738667543,0,0,1,0,1,0,0,0,0,1,0,0,0,0,0,0,0,0,1,0,0,0
0.567645137,0.14694918,-0.46299449,0.256953092,0,0,0,1,0,0,0,0,1,0,1,0,0,0,1,0,0,0,0,0,0,0
0.039930414,-1.383771449,-0.602290735,0.008047933,0,0,1,0,0,0,0,1,0,0,0,0,1,1,0,0,0,0,0,0,0,0
-1.367308848,-1.383771449,-0.196098631,0.256953092,0,0,0,1,1,0,0,0,0,0,1,0,0,0,1,0,0,0,0,0,0,1
0.39174023,1.67766981,-0.678141616,0.256953092,1,0,1,0,0,0,0,0,1,1,0,0,0,0,0,0,0,0,0,0,1,1
-0.311879402,-1.383771449,-0.829488936,-1.23647786,0,0,1,0,0,1,0,0,0,0,1,0,0,0,1,0,0,0,0,0,0,1
-1.103451487,0.14694918,-0.648368373,0.256953092,0,0,0,1,1,0,0,0,0,1,0,0,0,0,1,0,0,0,0,0,0,1
0.039930414,-1.383771449,0.343718624,0.256953092,1,0,1,0,1,0,0,0,0,0,1,0,0,1,0,0,0,0,0,0,0,1
-0.399831855,0.14694918,-0.175895359,-0.240857225,1,0,1,0,1,0,0,0,0,0,0,0,1,0,1,0,0,0,0,0,0,1
-0.311879402,0.14694918,0.20973903,0.256953092,1,1,0,0,1,0,0,0,0,0,0,0,1,1,0,0,0,0,0,0,0,0
0.831502499,0.14694918,-0.333977102,-1.153509474,0,0,1,0,1,0,0,0,0,0,1,0,0,0,0,0,0,0,1,0,0,0
-0.487784309,0.14694918,-0.8340967,-0.987572702,0,0,1,0,1,0,0,0,0,0,1,0,0,0,0,0,0,1,0,0,0,1
-0.135974494,-1.383771449,-0.508363241,0.256953092,0,1,0,0,1,0,0,0,0,0,1,0,0,0,0,0,1,0,0,0,0,1
-0.663689217,1.67766981,0.027555137,1.252573727,0,0,1,0,1,0,0,0,0,0,0,0,1,0,0,0,0,1,0,0,0,1
-1.103451487,0.14694918,-0.707560416,-0.904604315,0,0,1,0,1,0,0,0,0,0,0,1,0,0,0,0,0,1,0,0,0,0
-1.19140394,0.14694918,-0.15710986,0.256953092,1,0,1,0,0,0,1,0,0,1,0,0,0,0,0,0,0,1,0,0,0,0
3.382123662,1.67766981,0.444734985,0.256953092,1,0,1,0,1,0,0,0,0,0,0,0,1,1,0,0,0,0,0,0,0,0
1.271264769,0.14694918,-0.212757469,1.252573727,0,1,0,0,0,1,0,0,0,0,1,0,0,0,0,0,0,0,1,0,0,1
-0.223926948,0.14694918,-0.43251236,-0.240857225,1,0,1,0,1,0,0,0,0,0,0,0,1,0,0,0,0,0,1,0,0,0
0.831502499,0.14694918,-0.698699332,-0.489762384,1,1,0,0,0,0,0,0,1,0,0,0,1,0,1,0,0,0,0,0,0,0
-1.19140394,0.14694918,-0.896833176,-0.738667543,0,0,1,0,0,1,0,0,0,1,0,0,0,0,0,1,0,0,0,0,0,1
1.095359861,-1.383771449,-0.719965934,-0.904604315,0,1,0,0,0,1,0,0,0,0,0,1,0,0,1,0,0,0,0,0,0,1
-0.575736763,0.14694918,0.030390684,0.008047933,0,0,1,0,0,0,0,1,0,1,0,0,0,0,0,0,0,0,1,0,0,0
-1.19140394,0.14694918,0.127862611,0.256953092,0,0,0,1,1,0,0,0,0,1,0,0,0,0,1,0,0,0,0,0,0,0
-1.19140394,0.14694918,-0.518642099,-0.240857225,0,0,1,0,1,0,0,0,0,0,0,0,1,0,0,0,0,1,0,0,0,1
1.095359861,1.67766981,3.166151192,2.248194362,1,0,1,0,0,0,0,0,1,0,1,0,0,1,0,0,0,0,0,0,0,0
-0.751641671,1.67766981,2.086162239,3.243814997,1,1,0,0,0,0,0,0,1,0,1,0,0,0,0,0,0,0,1,0,0,0
0.127882868,0.14694918,0.143458119,-1.23647786,1,0,0,1,1,0,0,0,0,1,0,0,0,0,1,0,0,0,0,0,0,0
-1.279356394,0.14694918,0.060163927,0.75476341,0,0,0,1,0,1,0,0,0,0,1,0,0,0,0,0,0,1,0,0,0,1
1.183312315,-1.383771449,-0.932631957,-0.738667543,1,0,1,0,1,0,0,0,0,0,0,0,1,0,1,0,0,0,0,0,0,0
-0.751641671,0.14694918,0.134951478,0.008047933,1,0,1,0,1,0,0,0,0,0,1,0,0,1,0,0,0,0,0,0,0,0
-0.311879402,0.14694918,-0.617177356,-0.240857225,1,0,1,0,1,0,0,0,0,0,0,0,1,0,1,0,0,0,0,0,0,1
0.215835322,0.14694918,0.227815642,2.248194362,1,0,1,0,0,0,0,0,1,0,0,0,1,1,0,0,0,0,0,0,0,1
-1.19140394,0.14694918,-0.50091993,-0.738667543,0,0,0,1,1,0,0,0,0,1,0,0,0,0,0,0,0,1,0,0,0,0
2.590551577,0.14694918,-0.237922949,-0.240857225,1,1,0,0,1,0,0,0,0,1,0,0,0,0,0,0,0,0,1,0,0,1
-0.04802204,0.14694918,-0.458032282,-0.489762384,1,0,1,0,0,0,0,0,1,0,0,0,1,0,0,0,0,0,1,0,0,0
0.479692684,0.14694918,-0.409473541,-1.23647786,1,0,1,0,1,0,0,0,0,0,0,1,0,0,0,0,0,1,0,0,0,0
-0.575736763,0.14694918,-0.65014059,-0.987572702,1,0,1,0,0,1,0,0,0,0,1,0,0,0,1,0,0,0,0,0,0,1
0.039930414,0.14694918,0.273184393,1.750384045,1,0,1,0,0,0,1,0,0,0,0,0,1,0,0,0,0,1,0,0,0,0
2.502599123,-1.383771449,0.198751285,-0.987572702,1,0,1,0,0,0,0,0,1,0,0,0,1,0,0,0,1,0,0,0,0,0
-0.663689217,0.14694918,0.137787025,0.256953092,0,0,1,0,1,0,0,0,0,1,0,0,0,0,0,0,0,0,1,0,0,0
0.743550045,0.14694918,-0.609025159,-0.240857225,1,0,1,0,1,0,0,0,0,1,0,0,0,0,0,0,0,1,0,0,0,1
-1.103451487,0.14694918,-0.647659486,-0.489762384,1,0,1,0,0,0,0,0,1,0,1,0,0,0,0,0,0,0,1,0,0,0
-1.455261302,0.14694918,-0.457677839,-0.987572702,0,0,0,1,1,0,0,0,0,0,0,0,1,0,0,0,0,1,0,0,0,1
-0.927546579,-1.383771449,-0.679204946,0.256953092,0,0,1,0,1,0,0,0,0,0,1,0,0,0,1,0,0,0,0,0,0,1
1.007407407,0.14694918,-0.665736098,-0.738667543,1,0,1,0,1,0,0,0,0,0,0,0,1,0,0,0,1,0,0,0,0,0
-0.663689217,0.14694918,-0.671761635,0.256953092,0,0,1,0,0,0,1,0,0,0,0,0,1,0,0,0,0,0,1,0,0,0
-1.279356394,0.14694918,4.38862638,3.243814997,1,0,1,0,1,0,0,0,0,0,0,0,1,0,0,0,0,0,1,0,0,0
-0.135974494,0.14694918,-0.630291761,-0.738667543,0,0,1,0,1,0,0,0,0,0,0,0,1,0,0,0,0,0,1,0,0,0
-0.839594125,0.14694918,0.389441819,1.750384045,1,0,1,0,1,0,0,0,0,1,0,0,0,0,0,0,0,0,1,0,0,1
-0.751641671,-2.914492079,-0.893643186,-0.240857225,0,0,1,0,1,0,0,0,0,1,0,0,0,0,0,0,1,0,0,0,0,1
0.215835322,-1.383771449,-0.695863785,-0.489762384,1,0,1,0,1,0,0,0,0,0,1,0,0,0,0,0,0,0,0,1,0,0
0.39174023,1.67766981,0.479115992,-0.489762384,1,0,1,0,0,1,0,0,0,0,0,0,1,0,0,0,1,0,0,0,0,1
-0.223926948,0.14694918,-0.503401034,0.256953092,1,0,1,0,1,0,0,0,0,0,0,0,1,0,0,0,0,0,1,0,0,0
-0.311879402,1.67766981,-0.493122176,-0.240857225,1,0,1,0,1,0,0,0,0,1,0,0,0,0,0,0,0,0,1,0,0,0
-0.751641671,0.14694918,1.66898239,1.252573727,1,0,0,1,0,0,0,0,1,0,0,0,1,1,0,0,0,0,0,0,0,1
-0.311879402,0.14694918,0.464938257,0.75476341,1,0,1,0,1,0,0,0,0,1,0,0,0,0,0,0,0,1,0,0,0,0
-0.839594125,0.14694918,-0.668217202,-0.738667543,0,0,1,0,0,0,1,0,0,0,0,0,1,0,1,0,0,0,0,0,0,1
0.215835322,0.14694918,-0.823817842,0.256953092,1,1,0,0,1,0,0,0,0,0,0,1,0,0,1,0,0,0,0,0,0,1
0.39174023,-1.383771449,-0.917036449,-0.738667543,1,0,0,1,1,0,0,0,0,1,0,0,0,0,0,0,1,0,0,0,0,1
1.271264769,1.67766981,1.490342931,2.248194362,1,1,0,0,1,0,0,0,0,1,0,0,0,0,0,0,1,0,0,0,0,0
0.127882868,-1.383771449,-0.478235555,-0.738667543,1,0,1,0,1,0,0,0,0,0,1,0,0,0,0,0,0,1,0,0,0,1
0.831502499,0.14694918,-0.34319263,0.256953092,1,0,1,0,1,0,0,0,0,1,0,0,0,0,1,0,0,0,0,0,0,1
0.567645137,1.67766981,1.706553388,1.252573727,1,0,1,0,0,1,0,0,0,0,1,0,0,0,1,0,0,0,0,0,0,1
-0.04802204,0.14694918,-0.327951565,0.256953092,1,0,1,0,1,0,0,0,0,0,0,0,1,0,1,0,0,0,0,0,0,0
-1.19140394,0.14694918,0.2487278,-0.57273077,1,1,0,0,1,0,0,0,0,1,0,0,0,0,1,0,0,0,0,0,0,0
0.479692684,-1.383771449,-0.844730001,-0.738667543,1,0,1,0,1,0,0,0,0,0,1,0,0,0,1,0,0,0,0,0,0,1
0.127882868,0.14694918,2.463644429,2.248194362,1,0,1,0,0,0,0,0,1,0,0,0,1,0,0,0,0,0,1,0,0,0
-0.663689217,0.14694918,0.336629757,0.75476341,0,0,1,0,1,0,0,0,0,0,1,0,0,1,0,0,0,0,0,0,0,0
0.479692684,0.14694918,1.095138572,-0.240857225,1,0,1,0,1,0,0,0,0,0,1,0,0,0,0,0,0,1,0,0,0,0
-1.103451487,0.14694918,-0.699762662,-0.738667543,1,0,0,1,1,0,0,0,0,0,0,1,0,0,0,0,0,0,1,0,0,0
-1.103451487,0.14694918,-0.84047668,-0.738667543,1,0,1,0,0,0,0,0,1,1,0,0,0,0,1,0,0,0,0,0,0,1
1.271264769,0.14694918,-0.365168119,0.008047933,1,0,1,0,1,0,0,0,0,0,0,0,1,0,0,0,0,1,0,0,0,0
-0.04802204,1.67766981,-0.787310175,-1.23647786,1,0,1,0,1,0,0,0,0,0,1,0,0,0,0,0,0,1,0,0,0,0
1.271264769,-1.383771449,-0.788373505,-1.23647786,0,0,1,0,1,0,0,0,0,0,0,1,0,0,0,0,1,0,0,0,0,0
-0.751641671,1.67766981,1.078479733,0.256953092,1,0,1,0,1,0,0,0,0,0,0,0,1,0,0,0,0,0,0,0,1,0
-0.135974494,0.14694918,0.079658312,0.75476341,1,0,1,0,0,0,0,1,0,0,1,0,0,0,0,0,0,1,0,0,0,0
-0.751641671,0.14694918,0.119710413,2.248194362,0,0,1,0,1,0,0,0,0,0,0,0,1,1,0,0,0,0,0,0,0,0
0.655597591,0.14694918,0.557093534,-0.738667543,1,0,0,1,1,0,0,0,0,1,0,0,0,0,1,0,0,0,0,0,0,1
1.007407407,0.14694918,-0.090120063,0.75476341,1,0,1,0,1,0,0,0,0,0,0,1,0,0,0,0,0,0,1,0,0,0
-0.751641671,-1.383771449,0.3075654,0.256953092,1,0,1,0,0,1,0,0,0,0,0,0,1,1,0,0,0,0,0,0,0,0
-0.399831855,0.14694918,0.875738125,1.252573727,1,0,1,0,0,1,0,0,0,0,0,0,1,1,0,0,0,0,0,0,0,0
0.567645137,1.67766981,2.514684275,3.243814997,1,0,1,0,1,0,0,0,0,0,0,0,1,0,1,0,0,0,0,0,0,0
-1.015499033,0.14694918,-0.422233502,-1.23647786,1,0,1,0,0,0,1,0,0,0,0,0,1,0,1,0,0,0,0,0,0,0
0.479692684,-1.383771449,-0.245011816,0.008047933,1,0,1,0,0,0,1,0,0,0,0,0,1,1,0,0,0,0,0,0,0,1
-0.839594125,1.67766981,0.446152758,0.75476341,0,0,0,1,1,0,0,0,0,0,0,0,1,0,0,0,0,0,1,0,0,0
-0.223926948,0.14694918,0.665907649,0.256953092,1,0,1,0,1,0,0,0,0,0,0,0,1,0,0,0,0,1,0,0,0,0
-1.015499033,0.14694918,0.823634949,4.239435633,1,0,1,0,0,1,0,0,0,0,1,0,0,0,0,0,0,0,1,0,0,1
2.502599123,-1.383771449,-0.314482717,0.256953092,1,0,0,1,1,0,0,0,0,1,0,0,0,0,0,0,0,0,1,0,0,0
-0.839594125,0.14694918,-0.644469496,-0.240857225,0,0,1,0,1,0,0,0,0,0,0,0,1,0,0,0,0,0,1,0,0,0
1.798979492,0.14694918,-0.614341809,-1.23647786,0,0,1,0,1,0,0,0,0,0,0,0,1,0,0,0,1,0,0,0,0,0
0.127882868,0.14694918,-0.351699271,-0.738667543,1,1,0,0,0,0,0,0,1,0,0,0,1,0,0,0,0,0,1,0,0,0
-0.223926948,0.14694918,-0.635608412,-0.489762384,1,0,1,0,1,0,0,0,0,0,0,0,1,0,0,0,0,0,1,0,0,0
1.007407407,0.14694918,0.64924881,0.256953092,1,1,0,0,1,0,0,0,0,0,0,0,1,0,0,0,0,0,1,0,0,0
-0.399831855,-1.383771449,2.334272599,1.252573727,1,0,1,0,0,1,0,0,0,0,1,0,0,1,0,0,0,0,0,0,0,0
-0.135974494,0.14694918,1.153976171,3.243814997,1,1,0,0,0,0,0,0,1,0,0,0,1,0,1,0,0,0,0,0,0,0
-0.751641671,0.14694918,-0.682040493,-0.904604315,1,0,1,0,0,0,0,0,1,0,0,1,0,0,0,0,0,0,1,0,0,0
-0.487784309,0.14694918,-0.145058785,1.252573727,1,1,0,0,0,1,0,0,0,0,1,0,0,0,1,0,0,0,0,0,0,0
-0.04802204,0.14694918,-0.183693113,-0.987572702,1,0,1,0,0,1,0,0,0,0,0,0,1,0,0,0,0,0,1,0,0,0
-0.399831855,0.14694918,0.134597035,-0.738667543,1,0,1,0,0,0,0,1,0,1,0,0,0,0,1,0,0,0,0,0,0,0
-0.927546579,0.14694918,-0.813893427,-0.489762384,1,0,1,0,1,0,0,0,0,1,0,0,0,0,0,0,0,1,0,0,0,0
-0.927546579,-1.383771449,-0.226935204,-0.489762384,0,0,1,0,0,1,0,0,0,0,1,0,0,0,0,0,0,0,0,1,0,0
-0.575736763,0.14694918,-0.133007711,0.256953092,1,0,1,0,0,1,0,0,0,0,1,0,0,0,0,0,0,0,1,0,0,0
0.743550045,-1.383771449,0.512079225,-1.23647786,1,0,1,0,0,0,0,0,1,1,0,0,0,0,1,0,0,0,0,0,0,0
-0.663689217,0.14694918,-0.349927054,0.256953092,1,0,1,0,1,0,0,0,0,0,0,0,1,0,0,0,0,0,1,0,0,0
1.271264769,0.14694918,-0.721383707,-1.23647786,1,0,0,1,0,0,1,0,0,0,0,0,1,0,1,0,0,0,0,0,0,0
-0.575736763,0.14694918,-0.768524676,-0.738667543,1,0,1,0,1,0,0,0,0,0,1,0,0,0,0,0,0,0,1,0,0,0
0.215835322,-2.914492079,-0.831261153,-0.738667543,0,0,1,0,1,0,0,0,0,0,0,0,1,0,1,0,0,0,0,0,0,0
-1.015499033,0.14694918,-0.521477646,-0.240857225,1,0,1,0,1,0,0,0,0,0,0,0,1,0,0,0,0,0,1,0,0,0
0.39174023,1.67766981,-0.484261092,-0.489762384,1,0,0,1,1,0,0,0,0,0,0,1,0,0,0,0,1,0,0,0,0,0
-0.575736763,-1.383771449,-0.761435808,-0.738667543,0,0,0,1,0,0,1,0,0,0,0,0,1,0,0,0,0,1,0,0,0,1
0.919454953,0.14694918,1.084505271,2.248194362,1,1,0,0,1,0,0,0,0,1,0,0,0,0,1,0,0,0,0,0,0,1
1.007407407,0.14694918,-0.671407192,0.256953092,0,1,0,0,0,1,0,0,0,0,0,1,0,0,0,0,0,0,1,0,0,0
0.479692684,0.14694918,-0.272303956,0.75476341,1,0,1,0,0,1,0,0,0,0,1,0,0,1,0,0,0,0,0,0,0,0
-0.311879402,0.14694918,-0.263442871,0.505858251,0,0,1,0,1,0,0,0,0,0,1,0,0,1,0,0,0,0,0,0,0,0
-0.04802204,0.14694918,0.727580795,-0.489762384,0,1,0,0,0,0,1,0,0,0,0,0,1,0,1,0,0,0,0,0,0,0
-1.015499033,0.14694918,1.165672803,2.248194362,1,0,1,0,0,1,0,0,0,0,1,0,0,0,1,0,0,0,0,0,0,1
-0.927546579,0.14694918,-0.107133345,-0.738667543,0,0,0,1,1,0,0,0,0,0,1,0,0,0,0,0,0,1,0,0,0,1
-0.927546579,0.14694918,-0.732017009,-0.987572702,0,0,1,0,1,0,0,0,0,0,1,0,0,0,0,0,0,0,1,0,0,0
0.127882868,-1.383771449,-0.408764654,-0.987572702,1,0,1,0,1,0,0,0,0,0,1,0,0,0,0,0,0,0,1,0,0,0
-0.311879402,1.67766981,-0.936530834,-0.240857225,1,0,1,0,0,0,1,0,0,0,0,0,1,0,0,0,0,0,1,0,0,0
-0.04802204,0.14694918,-0.734852556,-1.23647786,0,1,0,0,1,0,0,0,0,1,0,0,0,0,0,0,1,0,0,0,0,1
0.919454953,1.67766981,-0.281873927,0.008047933,1,0,1,0,0,0,0,0,1,0,0,0,1,0,1,0,0,0,0,0,0,0
-0.927546579,-1.383771449,-0.756119158,-0.987572702,1,0,1,0,1,0,0,0,0,1,0,0,0,0,0,0,0,0,1,0,0,0
-0.751641671,1.67766981,3.812301458,3.243814997,1,0,1,0,1,0,0,0,0,0,1,0,0,0,1,0,0,0,0,0,0,1
2.414646669,0.14694918,1.532876136,0.75476341,1,0,1,0,0,0,0,0,1,0,0,0,1,0,1,0,0,0,0,0,0,0
0.39174023,0.14694918,-0.06885346,0.75476341,1,0,1,0,0,0,0,0,1,0,0,0,1,0,0,0,0,0,1,0,0,0
-0.311879402,1.67766981,-0.626038441,-0.240857225,1,1,0,0,1,0,0,0,0,0,0,0,1,0,0,0,0,0,1,0,0,0
-0.399831855,0.14694918,-0.043687981,0.256953092,1,0,1,0,0,0,0,0,1,0,0,1,0,0,0,0,0,0,1,0,0,0
-0.399831855,0.14694918,1.019642134,-0.074920453,1,0,1,0,0,1,0,0,0,0,1,0,0,0,1,0,0,0,0,0,0,0
-0.135974494,1.67766981,-0.685584927,-0.987572702,1,0,1,0,1,0,0,0,0,0,0,1,0,0,0,0,0,0,1,0,0,1
-1.015499033,0.14694918,-1.006001735,-1.23647786,0,0,0,1,0,0,0,1,0,0,1,0,0,0,0,0,1,0,0,0,0,1
-1.015499033,-1.383771449,-0.724219254,-0.738667543,0,0,1,0,1,0,0,0,0,1,0,0,0,0,1,0,0,0,0,0,0,1
2.678504031,-1.383771449,-0.879465451,-0.987572702,0,0,1,0,0,0,1,0,0,0,1,0,0,0,0,0,0,0,1,0,0,0
-1.279356394,0.14694918,-0.24855625,0.505858251,0,0,0,1,1,0,0,0,0,0,0,0,1,0,1,0,0,0,0,0,0,1
0.479692684,-1.383771449,-1.070864872,-1.23647786,0,0,1,0,0,0,0,1,0,0,0,0,1,0,1,0,0,0,0,0,0,0
1.007407407,-1.383771449,-0.693028238,-0.489762384,1,0,1,0,0,0,1,0,0,0,0,0,1,0,0,0,0,0,1,0,0,0
-0.927546579,0.14694918,-0.492413289,-0.240857225,0,0,0,1,1,0,0,0,0,1,0,0,0,0,0,0,0,0,1,0,0,1
2.062836854,0.14694918,1.114632957,2.248194362,0,0,0,1,1,0,0,0,0,0,1,0,0,1,0,0,0,0,0,0,0,1
0.039930414,0.14694918,-0.707560416,0.256953092,1,0,1,0,0,0,0,1,0,0,0,1,0,1,0,0,0,0,0,0,0,0
-0.223926948,0.14694918,1.110025193,0.256953092,1,0,1,0,1,0,0,0,0,0,1,0,0,0,0,0,0,0,1,0,0,0
-1.279356394,-1.383771449,-0.455196735,0.256953092,1,0,0,1,1,0,0,0,0,1,0,0,0,0,0,0,0,0,1,0,0,1
0.743550045,-1.383771449,-0.890098752,-1.070541088,0,0,1,0,1,0,0,0,0,0,1,0,0,0,0,0,0,0,1,0,0,0
-0.663689217,0.14694918,-0.236859619,0.256953092,0,0,0,1,0,0,0,1,0,0,0,0,1,0,1,0,0,0,0,0,0,0
0.127882868,0.14694918,0.038542881,-1.402414633,0,0,1,0,1,0,0,0,0,0,0,0,1,0,1,0,0,0,0,0,0,0
-0.575736763,-2.914492079,0.254753338,1.252573727,0,0,1,0,0,0,0,0,1,0,1,0,0,0,0,1,0,0,0,0,0,0
-1.103451487,1.67766981,2.93788966,0.256953092,0,0,0,1,1,0,0,0,0,0,1,0,0,0,1,0,0,0,0,0,0,1
-0.04802204,-1.383771449,0.392986253,-0.240857225,1,0,1,0,0,1,0,0,0,1,0,0,0,0,1,0,0,0,0,0,0,0
0.831502499,1.67766981,1.23691592,-1.23647786,1,0,1,0,1,0,0,0,0,0,0,0,1,0,1,0,0,0,0,0,0,0
-0.839594125,-1.383771449,0.357541916,0.75476341,0,0,0,1,0,1,0,0,0,0,1,0,0,1,0,0,0,0,0,0,0,1
-0.311879402,0.14694918,-0.335394876,0.256953092,1,0,1,0,0,1,0,0,0,1,0,0,0,0,1,0,0,0,0,0,0,0
-1.103451487,-1.383771449,-0.788019061,-0.904604315,1,0,1,0,1,0,0,0,0,0,1,0,0,0,0,0,0,0,1,0,0,0
0.479692684,0.14694918,-0.039434661,0.008047933,1,0,1,0,0,0,0,0,1,0,0,0,1,0,0,0,0,0,1,0,0,0
-1.19140394,0.14694918,-0.279392823,0.256953092,1,0,1,0,0,0,1,0,0,1,0,0,0,0,0,0,0,1,0,0,0,0
-0.487784309,1.67766981,3.86617685,1.501478886,1,0,1,0,0,0,0,0,1,1,0,0,0,0,0,0,0,1,0,0,0,0
-0.663689217,-1.383771449,-0.522540976,-0.655699157,1,0,1,0,1,0,0,0,0,1,0,0,0,1,0,0,0,0,0,0,0,0
-1.103451487,0.14694918,-0.269468409,-0.489762384,0,0,0,1,1,0,0,0,0,1,0,0,0,0,1,0,0,0,0,0,0,0
0.127882868,-1.383771449,-0.707914859,-0.738667543,0,0,1,0,1,0,0,0,0,1,0,0,0,0,1,0,0,0,0,0,0,1
-0.839594125,0.14694918,0.700643099,0.008047933,1,0,1,0,0,0,0,0,1,0,0,0,1,0,1,0,0,0,0,0,0,0
-0.223926948,0.14694918,-0.085866742,-0.489762384,1,0,1,0,1,0,0,0,0,0,0,0,1,0,1,0,0,0,0,0,0,0
1.183312315,0.14694918,-1.007773952,-1.23647786,0,0,1,0,1,0,0,0,0,1,0,0,0,0,0,0,0,1,0,0,0,0
-1.103451487,-1.383771449,-0.813538984,-0.240857225,0,0,1,0,1,0,0,0,0,1,0,0,0,0,1,0,0,0,0,0,0,1
-1.103451487,-1.383771449,-0.861388839,-0.738667543,0,0,0,1,0,1,0,0,0,0,1,0,0,1,0,0,0,0,0,0,0,0
-0.927546579,0.14694918,0.886016982,0.75476341,0,0,1,0,1,0,0,0,0,0,0,0,1,0,0,0,0,0,1,0,0,0
1.711027038,0.14694918,-0.608316272,-0.738667543,1,1,0,0,0,0,0,1,0,0,0,0,1,0,0,0,0,0,0,1,0,1
-0.311879402,0.14694918,-0.704015982,0.256953092,0,0,0,1,0,0,0,0,1,1,0,0,0,0,1,0,0,0,0,0,0,1
3.382123662,-2.914492079,-0.699053775,-1.23647786,1,0,1,0,1,0,0,0,0,0,0,1,0,0,1,0,0,0,0,0,0,0
0.303787776,0.14694918,-0.708978189,-0.489762384,1,1,0,0,0,0,0,0,1,0,0,1,0,0,0,0,0,0,1,0,0,1
-0.399831855,0.14694918,-0.665736098,0.256953092,1,0,1,0,1,0,0,0,0,0,0,0,1,0,1,0,0,0,0,0,0,0
-0.04802204,0.14694918,-0.914555345,-0.738667543,1,0,1,0,1,0,0,0,0,1,0,0,0,0,1,0,0,0,0,0,0,1
2.062836854,0.14694918,0.628691095,-0.489762384,0,0,1,0,0,0,0,0,1,0,0,0,1,0,1,0,0,0,0,0,0,0
-1.015499033,0.14694918,-0.406637994,-0.240857225,0,0,0,1,1,0,0,0,0,1,0,0,0,0,0,0,0,1,0,0,0,1
-1.015499033,-1.383771449,-0.37473809,-0.738667543,1,0,1,0,1,0,0,0,0,1,0,0,0,0,0,0,0,0,1,0,0,0
-0.487784309,1.67766981,3.334866237,0.008047933,1,1,0,0,0,0,0,0,1,0,0,0,1,0,1,0,0,0,0,0,0,1
-0.751641671,0.14694918,-0.286481691,0.256953092,1,0,1,0,0,1,0,0,0,0,0,0,1,0,1,0,0,0,0,0,0,0
0.39174023,-1.383771449,-0.750093621,-0.738667543,1,0,1,0,1,0,0,0,0,0,1,0,0,0,0,0,0,0,1,0,0,0
-0.399831855,-1.383771449,-0.057865716,0.75476341,1,0,1,0,1,0,0,0,0,1,0,0,0,0,0,0,0,1,0,0,0,1
-0.399831855,0.14694918,-0.131235494,-0.904604315,0,0,0,1,0,0,0,0,1,0,0,0,1,0,1,0,0,0,0,0,0,0
-0.663689217,0.14694918,0.12254596,-0.738667543,1,0,0,1,1,0,0,0,0,0,1,0,0,0,0,0,0,1,0,0,0,0
2.414646669,-1.383771449,-0.572871935,-0.738667543,1,0,1,0,1,0,0,0,0,0,0,0,1,0,0,0,0,0,1,0,0,0
-0.839594125,0.14694918,-0.162780954,0.256953092,0,0,0,1,0,0,0,0,1,1,0,0,0,0,1,0,0,0,0,0,0,0
-0.927546579,1.67766981,1.699110077,1.252573727,0,0,1,0,1,0,0,0,0,1,0,0,0,0,0,0,1,0,0,0,0,1
0.039930414,1.67766981,0.001326327,0.008047933,1,0,1,0,1,0,0,0,0,0,0,0,1,0,1,0,0,0,0,0,0,0
1.447169676,0.14694918,-0.3715481,0.256953092,1,0,1,0,0,1,0,0,0,0,0,0,1,0,0,0,0,0,1,0,0,0
2.678504031,-2.914492079,-0.634899525,-0.738667543,1,1,0,0,0,0,1,0,0,0,0,1,0,0,1,0,0,0,0,0,0,0
-0.927546579,0.14694918,-0.673533852,0.256953092,0,0,0,1,0,0,0,0,1,1,0,0,0,0,1,0,0,0,0,0,0,1
0.127882868,0.14694918,0.093481604,1.252573727,1,0,1,0,1,0,0,0,0,0,0,0,1,0,1,0,0,0,0,0,0,0
-0.927546579,0.14694918,0.084266076,-0.240857225,0,0,1,0,1,0,0,0,0,1,0,0,0,0,0,0,0,0,1,0,0,0
0.215835322,1.67766981,0.86475038,1.252573727,1,0,1,0,0,0,0,1,0,0,0,0,1,0,1,0,0,0,0,0,0,0
2.766456485,0.14694918,0.21292902,-0.240857225,0,0,1,0,1,0,0,0,0,0,1,0,0,0,0,0,0,0,0,1,0,0
-0.927546579,0.14694918,0.588993437,1.501478886,1,0,1,0,1,0,0,0,0,0,1,0,0,0,0,0,0,0,1,0,0,1
2.150789308,0.14694918,-0.471855574,0.256953092,1,0,1,0,0,0,0,1,0,0,0,0,1,0,1,0,0,0,0,0,0,0
-0.399831855,-1.383771449,-0.659710561,-0.738667543,1,0,1,0,1,0,0,0,0,0,1,0,0,0,0,0,1,0,0,0,0,0
-1.103451487,-1.383771449,-0.863161056,-0.738667543,0,0,1,0,0,1,0,0,0,0,1,0,0,0,1,0,0,0,0,0,0,1
2.150789308,1.67766981,1.133064012,-0.074920453,1,0,1,0,0,0,0,0,1,0,1,0,0,0,1,0,0,0,0,0,0,0
-0.04802204,-1.383771449,-0.471501131,-0.240857225,1,0,1,0,0,0,0,1,0,0,1,0,0,1,0,0,0,0,0,0,0,0
0.39174023,0.14694918,-0.211339696,0.09101632,1,0,1,0,0,0,1,0,0,0,0,0,1,0,0,0,0,0,1,0,0,0
0.215835322,0.14694918,-0.184402,2.248194362,1,0,1,0,0,0,0,0,1,0,0,0,1,0,1,0,0,0,0,0,0,0
1.271264769,0.14694918,1.04657983,2.248194362,1,1,0,0,1,0,0,0,0,0,1,0,0,0,0,0,1,0,0,0,0,1
-0.751641671,0.14694918,0.966475628,1.584447272,1,0,1,0,1,0,0,0,0,1,0,0,0,0,0,0,1,0,0,0,0,1
0.303787776,0.14694918,-0.738396989,0.008047933,0,0,1,0,1,0,0,0,0,0,1,0,0,1,0,0,0,0,0,0,0,1
0.479692684,1.67766981,1.07812529,0.256953092,1,0,1,0,0,0,0,0,1,0,0,0,1,0,1,0,0,0,0,0,0,0
-0.751641671,0.14694918,-0.726700358,-1.23647786,1,0,1,0,0,0,0,0,1,0,0,0,1,0,0,0,0,1,0,0,0,0
1.359217222,0.14694918,-0.134425484,0.256953092,1,1,0,0,1,0,0,0,0,0,0,1,0,0,0,0,0,1,0,0,0,0
-0.311879402,0.14694918,-0.074170111,0.256953092,1,0,0,1,0,0,1,0,0,0,0,0,1,0,0,0,0,1,0,0,0,0
-1.19140394,0.14694918,-0.343901517,-0.987572702,0,0,0,1,0,1,0,0,0,0,0,0,1,0,0,0,0,1,0,0,0,0
1.359217222,0.14694918,1.502748449,-0.240857225,1,1,0,0,0,0,0,0,1,1,0,0,0,0,1,0,0,0,0,0,0,1
-1.19140394,-1.383771449,-0.713585953,-0.738667543,0,0,0,1,1,0,0,0,0,0,0,0,1,0,0,0,0,1,0,0,0,0
1.623074584,0.14694918,-0.905339817,0.256953092,1,0,1,0,0,0,0,0,1,0,0,0,1,0,1,0,0,0,0,0,0,0
-0.04802204,-2.914492079,-0.610442932,-0.987572702,1,0,1,0,0,0,0,0,1,0,1,0,0,0,1,0,0,0,0,0,0,0
1.623074584,0.14694918,-0.59342965,0.256953092,1,1,0,0,1,0,0,0,0,0,0,0,1,0,0,0,1,0,0,0,0,0
1.095359861,-1.383771449,-0.523249863,-0.240857225,0,0,0,1,1,0,0,0,0,0,1,0,0,0,0,0,0,0,1,0,0,0
-1.015499033,0.14694918,0.354706369,-0.074920453,0,0,1,0,1,0,0,0,0,1,0,0,0,0,0,0,0,1,0,0,0,0
-0.04802204,0.14694918,-0.813538984,-0.738667543,1,0,1,0,0,0,0,0,1,0,0,0,1,0,0,0,0,0,1,0,0,0
-1.015499033,-2.914492079,1.488925157,-0.738667543,0,0,0,1,0,0,0,0,1,0,1,0,0,0,1,0,0,0,0,0,0,0
-1.015499033,0.14694918,2.126568783,1.252573727,1,0,1,0,1,0,0,0,0,1,0,0,0,0,1,0,0,0,0,0,0,1
-0.839594125,-1.383771449,-0.950354126,-1.23647786,1,0,1,0,1,0,0,0,0,0,1,0,0,0,0,0,0,0,1,0,0,0
2.590551577,0.14694918,-0.829843379,-0.738667543,1,0,1,0,0,0,0,0,1,0,0,0,1,0,0,0,0,0,1,0,0,0
1.711027038,1.67766981,2.130822103,1.750384045,1,1,0,0,1,0,0,0,0,0,1,0,0,0,1,0,0,0,0,0,0,0
-0.839594125,-2.914492079,-0.5292754,-0.489762384,0,0,0,1,1,0,0,0,0,0,1,0,0,0,1,0,0,0,0,0,0,1
-0.839594125,0.14694918,-0.837995577,-1.070541088,1,0,1,0,1,0,0,0,0,0,1,0,0,1,0,0,0,0,0,0,0,0
-0.663689217,-1.383771449,-0.987925123,-1.23647786,1,0,1,0,1,0,0,0,0,0,1,0,0,0,0,0,0,0,1,0,0,0
-1.015499033,0.14694918,2.25345951,1.252573727,1,0,1,0,1,0,0,0,0,1,0,0,0,0,1,0,0,0,0,0,0,1
1.623074584,0.14694918,-0.078068988,2.248194362,1,0,1,0,1,0,0,0,0,1,0,0,0,0,0,1,0,0,0,0,0,1
0.919454953,0.14694918,0.233841179,2.248194362,1,1,0,0,1,0,0,0,0,1,0,0,0,0,1,0,0,0,0,0,0,1
1.623074584,0.14694918,1.474747423,1.252573727,0,0,0,1,1,0,0,0,0,0,1,0,0,0,1,0,0,0,0,0,0,0
2.326694215,0.14694918,-0.685230484,-1.23647786,1,0,1,0,0,0,1,0,0,0,0,0,1,0,0,1,0,0,0,0,0,0
-1.015499033,0.14694918,-0.608670715,-1.23647786,0,0,0,1,1,0,0,0,0,0,0,0,1,0,0,0,0,0,1,0,0,0
0.655597591,1.67766981,4.460932828,1.252573727,1,0,1,0,1,0,0,0,0,1,0,0,0,0,0,0,0,0,0,0,1,0
-0.839594125,0.14694918,-0.68274938,-0.240857225,1,0,1,0,1,0,0,0,0,1,0,0,0,0,0,0,0,0,1,0,0,1
-0.751641671,0.14694918,-0.769233563,-0.738667543,1,0,1,0,1,0,0,0,0,0,0,0,1,0,1,0,0,0,0,0,0,0
-1.015499033,0.14694918,-0.090474506,-0.738667543,1,0,1,0,1,0,0,0,0,0,0,1,0,0,0,0,0,0,1,0,0,0
0.479692684,0.14694918,-0.198225291,1.252573727,1,0,1,0,1,0,0,0,0,1,0,0,0,0,0,0,0,1,0,0,0,1
1.007407407,-1.383771449,-0.90037761,-1.070541088,1,0,1,0,1,0,0,0,0,1,0,0,0,0,1,0,0,0,0,0,0,0
-0.04802204,1.67766981,0.18032023,-0.240857225,1,0,1,0,1,0,0,0,0,0,0,0,1,0,0,0,0,1,0,0,0,0
-0.487784309,0.14694918,-0.591657434,0.008047933,1,0,1,0,1,0,0,0,0,1,0,0,0,0,1,0,0,0,0,0,0,0
-0.223926948,0.14694918,0.246246697,-0.240857225,0,0,0,1,1,0,0,0,0,1,0,0,0,0,1,0,0,0,0,0,0,1
0.039930414,0.14694918,0.316780928,-0.240857225,1,0,1,0,1,0,0,0,0,0,0,0,1,1,0,0,0,0,0,0,0,1
1.007407407,0.14694918,1.794809787,1.252573727,1,1,0,0,0,0,0,0,1,1,0,0,0,0,1,0,0,0,0,0,0,1
0.215835322,0.14694918,1.208560451,2.248194362,1,1,0,0,0,0,0,0,1,0,1,0,0,1,0,0,0,0,0,0,0,0
0.743550045,0.14694918,-0.317672707,0.256953092,1,0,1,0,0,0,1,0,0,0,0,0,1,1,0,0,0,0,0,0,0,0
-1.103451487,0.14694918,-0.728472575,-0.240857225,0,0,0,1,1,0,0,0,0,1,0,0,0,0,1,0,0,0,0,0,0,1
-0.575736763,0.14694918,3.028627164,1.999289204,1,0,0,1,1,0,0,0,0,1,0,0,0,1,0,0,0,0,0,0,0,1
0.567645137,0.14694918,0.642514386,0.256953092,0,0,1,0,0,0,0,0,1,0,1,0,0,0,0,0,0,0,1,0,0,0
-0.927546579,-1.383771449,-0.334685989,-0.489762384,0,0,1,0,1,0,0,0,0,0,0,1,0,0,0,0,0,0,1,0,0,1
1.095359861,0.14694918,-0.775967987,-0.738667543,1,0,1,0,1,0,0,0,0,1,0,0,0,0,1,0,0,0,0,0,0,1
-1.279356394,0.14694918,-0.845438888,-0.738667543,0,0,1,0,0,0,0,0,1,0,0,0,1,0,0,0,0,0,1,0,0,0
-1.103451487,-1.383771449,-0.946455248,-1.402414633,0,0,0,1,1,0,0,0,0,0,0,0,1,0,0,0,0,1,0,0,0,0
2.414646669,0.14694918,-0.111386665,0.256953092,1,0,1,0,1,0,0,0,0,1,0,0,0,0,1,0,0,0,0,0,0,0
0.919454953,0.14694918,-0.234024072,0.256953092,1,0,1,0,1,0,0,0,0,0,0,0,1,0,0,0,0,0,1,0,0,0
-0.575736763,0.14694918,0.676186507,1.252573727,1,0,1,0,1,0,0,0,0,1,0,0,0,0,0,0,0,1,0,0,0,1
-0.663689217,-1.383771449,-0.098626704,0.008047933,1,0,1,0,1,0,0,0,0,0,0,0,1,0,1,0,0,0,0,0,0,0
-1.103451487,0.14694918,-0.470792244,-0.240857225,0,0,1,0,1,0,0,0,0,0,0,0,1,0,0,0,0,0,0,1,0,1
1.271264769,0.14694918,-0.606898498,0.256953092,1,0,1,0,1,0,0,0,0,0,0,0,1,1,0,0,0,0,0,0,0,0
1.007407407,0.14694918,0.053429503,-0.240857225,1,0,1,0,1,0,0,0,0,0,0,0,1,0,0,0,0,1,0,0,0,0
-0.04802204,0.14694918,0.249791131,0.008047933,1,0,1,0,0,0,0,0,1,0,1,0,0,0,0,0,0,1,0,0,0,0
2.854408939,0.14694918,1.23691592,-0.240857225,1,0,0,1,0,0,0,0,1,0,0,0,1,0,1,0,0,0,0,0,0,1
-0.663689217,0.14694918,-0.716775944,0.256953092,1,0,1,0,1,0,0,0,0,0,0,0,1,0,1,0,0,0,0,0,0,0
2.062836854,0.14694918,-0.676014956,-0.987572702,1,0,1,0,1,0,0,0,0,1,0,0,0,0,0,0,0,0,1,0,0,0
1.886931946,-1.383771449,-0.908175364,-0.738667543,1,0,1,0,1,0,0,0,0,1,0,0,0,0,0,0,0,0,1,0,0,1
-0.223926948,0.14694918,-0.367294779,-0.074920453,1,0,0,1,1,0,0,0,0,1,0,0,0,0,1,0,0,0,0,0,0,1
0.655597591,0.14694918,0.273184393,0.256953092,1,0,1,0,0,0,0,0,1,0,0,0,1,0,1,0,0,0,0,0,0,0
-0.04802204,0.14694918,-0.638089515,-0.489762384,1,1,0,0,1,0,0,0,0,0,0,0,1,0,0,0,0,0,1,0,0,0
-0.311879402,-1.383771449,-0.648368373,-0.240857225,1,1,0,0,1,0,0,0,0,1,0,0,0,0,1,0,0,0,0,0,0,1
0.831502499,0.14694918,2.695095951,1.252573727,1,0,1,0,1,0,0,0,0,0,0,0,1,0,1,0,0,0,0,0,0,0
-0.223926948,0.14694918,-0.637026185,0.256953092,1,0,1,0,0,1,0,0,0,0,0,0,1,0,1,0,0,0,0,0,0,0
0.39174023,0.14694918,-0.842603341,-0.904604315,0,0,1,0,0,0,0,0,1,0,0,0,1,0,0,0,1,0,0,0,0,0
-0.663689217,0.14694918,0.025428476,-0.489762384,1,1,0,0,1,0,0,0,0,0,0,0,1,0,0,0,0,1,0,0,0,0
-0.575736763,0.14694918,0.243765593,-0.489762384,0,0,1,0,1,0,0,0,0,1,0,0,0,0,1,0,0,0,0,0,0,1
-0.839594125,0.14694918,0.108368225,-0.987572702,1,0,0,1,0,1,0,0,0,0,0,0,1,0,1,0,0,0,0,0,0,0
-0.751641671,0.14694918,0.897713614,0.256953092,1,0,1,0,0,0,0,1,0,0,0,0,1,0,1,0,0,0,0,0,0,0
-0.663689217,0.14694918,-0.390688042,-0.240857225,1,0,1,0,1,0,0,0,0,0,0,0,1,1,0,0,0,0,0,0,0,1
-0.04802204,0.14694918,-0.294988332,0.256953092,0,0,1,0,1,0,0,0,0,1,0,0,0,0,0,0,0,0,1,0,0,1
-0.311879402,-1.383771449,0.444734985,0.505858251,1,0,1,0,0,0,0,1,0,0,0,0,1,0,0,0,0,1,0,0,0,0
-0.927546579,-1.383771449,-0.376155864,-0.904604315,1,0,0,1,1,0,0,0,0,0,0,0,1,0,0,0,0,1,0,0,0,1
-1.367308848,0.14694918,-0.372256987,-0.489762384,0,0,0,1,0,0,1,0,0,0,0,0,1,0,0,0,0,1,0,0,0,0
-0.751641671,0.14694918,-0.3127105,-0.240857225,0,0,1,0,1,0,0,0,0,1,0,0,0,0,0,0,0,0,1,0,0,0
0.567645137,0.14694918,0.021175156,-0.738667543,1,0,1,0,1,0,0,0,0,0,0,0,1,0,0,0,0,1,0,0,0,0
0.127882868,0.14694918,1.466595225,1.252573727,1,0,1,0,0,0,0,0,1,0,0,0,1,1,0,0,0,0,0,0,0,0
-1.015499033,0.14694918,-0.928378636,-0.738667543,0,0,0,1,1,0,0,0,0,1,0,0,0,0,0,0,0,1,0,0,0,0
0.39174023,0.14694918,1.561940492,1.252573727,0,0,1,0,0,0,1,0,0,0,0,0,1,0,0,0,0,1,0,0,0,0
0.919454953,0.14694918,-0.683458267,-1.23647786,1,0,1,0,1,0,0,0,0,0,0,1,0,0,1,0,0,0,0,0,0,0
-0.839594125,0.14694918,-0.669634975,0.256953092,1,0,1,0,0,1,0,0,0,1,0,0,0,1,0,0,0,0,0,0,0,0
-1.015499033,0.14694918,-0.849692208,-0.489762384,0,0,1,0,0,0,0,0,1,0,0,0,1,0,0,1,0,0,0,0,0,0
-0.575736763,-1.383771449,0.112975989,-0.738667543,1,0,1,0,1,0,0,0,0,1,0,0,0,0,0,0,0,1,0,0,0,0
0.39174023,0.14694918,-0.690901578,-0.821635929,0,0,1,0,0,0,0,1,0,0,1,0,0,0,1,0,0,0,0,0,0,0
0.039930414,1.67766981,-0.471855574,-0.240857225,1,1,0,0,1,0,0,0,0,1,0,0,0,0,0,0,0,0,1,0,0,0
-0.663689217,0.14694918,0.114748206,1.252573727,1,0,1,0,1,0,0,0,0,0,0,0,1,0,0,0,0,0,1,0,0,0
-0.751641671,1.67766981,-0.65545724,-0.987572702,1,1,0,0,1,0,0,0,0,1,0,0,0,0,1,0,0,0,0,0,0,1
0.039930414,0.14694918,1.230181496,0.75476341,1,0,1,0,0,0,0,0,1,0,0,0,1,0,0,0,0,0,1,0,0,0
0.215835322,1.67766981,1.610144791,0.256953092,1,0,1,0,1,0,0,0,0,0,0,0,1,0,1,0,0,0,0,0,0,0
1.095359861,0.14694918,2.128695443,0.256953092,1,1,0,0,0,0,0,0,1,0,0,0,1,0,1,0,0,0,0,0,0,0
0.039930414,0.14694918,-0.386434721,0.75476341,1,0,1,0,0,0,0,0,1,0,1,0,0,0,1,0,0,0,0,0,0,0
2.590551577,-2.914492079,-0.770296893,-0.240857225,0,0,1,0,1,0,0,0,0,0,0,0,1,0,0,0,0,0,1,0,0,0
0.655597591,0.14694918,0.278501044,0.256953092,1,0,1,0,1,0,0,0,0,0,1,0,0,0,0,0,0,1,0,0,0,1
1.53512213,0.14694918,-0.877693234,-0.738667543,0,0,1,0,1,0,0,0,0,1,0,0,0,0,0,0,1,0,0,0,0,1
-0.135974494,0.14694918,-0.15817319,0.256953092,1,0,1,0,0,0,0,0,1,0,1,0,0,1,0,0,0,0,0,0,0,0
-1.103451487,0.14694918,4.395360804,2.248194362,1,0,1,0,1,0,0,0,0,0,1,0,0,1,0,0,0,0,0,0,0,1
-0.135974494,1.67766981,1.184812745,1.252573727,1,0,1,0,1,0,0,0,0,0,0,0,1,0,1,0,0,0,0,0,0,0
0.39174023,0.14694918,1.613689224,0.588826637,1,0,0,1,0,0,0,0,1,0,0,0,1,0,1,0,0,0,0,0,0,0
0.655597591,1.67766981,-0.293925001,0.505858251,1,0,1,0,1,0,0,0,0,1,0,0,0,1,0,0,0,0,0,0,0,0
0.919454953,0.14694918,-0.511198788,-0.489762384,1,0,1,0,1,0,0,0,0,0,0,0,1,0,0,0,0,0,1,0,0,0
0.215835322,-1.383771449,-0.389979155,-0.738667543,1,0,1,0,1,0,0,0,0,1,0,0,0,0,1,0,0,0,0,0,0,0
-0.135974494,0.14694918,0.89629584,1.252573727,1,0,1,0,1,0,0,0,0,0,1,0,0,0,1,0,0,0,0,0,0,0
-0.575736763,0.14694918,-0.745131413,-0.240857225,1,0,1,0,0,0,0,0,1,0,0,0,1,0,0,0,0,0,1,0,0,0
-0.399831855,1.67766981,2.011729131,1.252573727,1,0,1,0,0,0,0,0,1,0,0,0,1,0,1,0,0,0,0,0,0,0
-0.663689217,1.67766981,-0.235796288,0.008047933,0,0,0,1,1,0,0,0,0,1,0,0,0,0,0,0,0,0,1,0,0,0
-0.04802204,0.14694918,-0.595201867,-0.738667543,0,0,1,0,0,0,0,1,0,0,0,0,1,0,0,0,0,1,0,0,0,0
-0.223926948,-1.383771449,-0.384662505,-0.489762384,0,0,0,1,0,0,0,0,1,0,0,0,1,0,0,0,0,1,0,0,0,0
0.567645137,0.14694918,0.312527607,-0.240857225,1,0,1,0,1,0,0,0,0,1,0,0,0,0,0,0,0,1,0,0,0,1
0.655597591,0.14694918,-0.229061864,-0.406793998,1,0,0,1,1,0,0,0,0,1,0,0,0,0,1,0,0,0,0,0,0,1
0.743550045,0.14694918,0.075759435,-0.074920453,1,0,1,0,0,0,0,0,1,0,0,0,1,0,1,0,0,0,0,0,0,0
0.567645137,0.14694918,2.554027489,1.252573727,1,1,0,0,0,0,0,0,1,0,0,0,1,0,1,0,0,0,0,0,0,0
0.39174023,0.14694918,-0.668217202,-0.489762384,1,0,0,1,0,0,0,0,1,0,0,0,1,0,0,0,0,0,1,0,0,0
0.039930414,1.67766981,-0.706497086,0.256953092,1,0,1,0,1,0,0,0,0,0,0,0,1,0,0,0,0,0,1,0,0,0
-1.367308848,1.67766981,-0.767106902,-0.738667543,1,0,0,1,1,0,0,0,0,1,0,0,0,0,0,0,0,0,1,0,0,0
-1.015499033,-1.383771449,0.174294692,0.008047933,1,0,1,0,0,0,0,0,1,1,0,0,0,0,1,0,0,0,0,0,0,0
-0.751641671,0.14694918,0.155863637,1.252573727,1,0,1,0,0,0,0,0,1,0,1,0,0,0,0,0,1,0,0,0,0,0
0.919454953,-1.383771449,0.114393763,-0.489762384,0,0,1,0,1,0,0,0,0,0,0,0,1,0,1,0,0,0,0,0,0,0
-0.223926948,-1.383771449,-0.027029143,-0.987572702,0,0,1,0,0,0,0,0,1,0,1,0,0,0,1,0,0,0,0,0,0,0
-0.135974494,0.14694918,0.419215062,1.252573727,0,0,1,0,1,0,0,0,0,0,0,0,1,0,0,0,0,0,1,0,0,0
-0.927546579,-1.383771449,0.519168093,0.256953092,0,0,1,0,1,0,0,0,0,0,1,0,0,0,0,0,0,1,0,0,0,1
-0.927546579,0.14694918,-0.09933559,0.75476341,0,0,1,0,0,0,0,0,1,0,1,0,0,0,0,0,0,0,1,0,0,0
-0.663689217,0.14694918,-0.400258013,-0.821635929,1,0,1,0,0,0,0,1,0,0,0,0,1,1,0,0,0,0,0,0,0,0
-0.399831855,0.14694918,-0.039080217,0.256953092,1,0,0,1,1,0,0,0,0,1,0,0,0,1,0,0,0,0,0,0,0,1
-0.311879402,1.67766981,5.370788963,2.248194362,0,0,1,0,1,0,0,0,0,0,1,0,0,0,0,0,0,0,0,0,1,1
-0.311879402,0.14694918,-0.150020993,-0.904604315,1,0,1,0,0,1,0,0,0,0,0,0,1,0,1,0,0,0,0,0,0,0
2.854408939,1.67766981,4.120312748,-1.23647786,1,0,1,0,1,0,0,0,0,1,0,0,0,0,1,0,0,0,0,0,0,1
-0.223926948,0.14694918,-0.323343801,0.256953092,1,0,1,0,0,1,0,0,0,1,0,0,0,0,0,0,0,1,0,0,0,1
0.303787776,1.67766981,0.026137363,0.256953092,1,0,0,1,1,0,0,0,0,1,0,0,0,0,0,0,0,1,0,0,0,1
-0.663689217,0.14694918,-0.515452109,-0.240857225,0,0,1,0,1,0,0,0,0,0,0,0,1,0,0,0,0,1,0,0,0,0
0.127882868,1.67766981,3.359322829,2.248194362,1,0,1,0,0,0,1,0,0,0,0,0,1,0,0,0,0,0,1,0,0,0
-1.19140394,0.14694918,-0.675306069,-0.987572702,0,0,0,1,1,0,0,0,0,1,0,0,0,0,0,0,0,0,1,0,0,1
-0.487784309,0.14694918,-0.449880085,-0.738667543,1,0,0,1,1,0,0,0,0,0,1,0,0,0,1,0,0,0,0,0,0,0
1.711027038,0.14694918,1.276259135,0.256953092,1,0,1,0,1,0,0,0,0,1,0,0,0,0,0,0,0,1,0,0,0,1
0.919454953,0.14694918,-0.912428685,-0.738667543,1,0,1,0,1,0,0,0,0,1,0,0,0,0,1,0,0,0,0,0,0,1
-1.279356394,0.14694918,-0.787664618,-0.240857225,0,0,0,1,1,0,0,0,0,1,0,0,0,0,0,0,0,1,0,0,0,0
0.303787776,0.14694918,2.490227682,2.248194362,1,1,0,0,1,0,0,0,0,1,0,0,0,0,1,0,0,0,0,0,0,1
1.9748844,0.14694918,-0.49772994,0.75476341,1,0,1,0,0,0,0,0,1,0,0,0,1,0,0,0,0,0,1,0,0,0
0.655597591,-1.383771449,-0.683103823,-0.738667543,1,0,1,0,1,0,0,0,0,1,0,0,0,0,1,0,0,0,0,0,0,0
-1.015499033,-1.383771449,-0.540263145,0.256953092,1,0,1,0,1,0,0,0,0,1,0,0,0,0,0,0,0,1,0,0,0,0
-1.19140394,0.14694918,-0.567555284,-0.987572702,0,0,1,0,1,0,0,0,0,0,1,0,0,0,0,0,0,0,1,0,0,1
-0.487784309,0.14694918,-0.725637028,-0.987572702,1,0,1,0,1,0,0,0,0,0,0,0,1,0,1,0,0,0,0,0,0,0
0.567645137,0.14694918,-0.974456275,-0.738667543,1,0,1,0,0,0,1,0,0,0,0,0,1,0,0,0,0,0,1,0,0,0
-1.103451487,0.14694918,-0.628519544,-0.738667543,0,0,1,0,1,0,0,0,0,1,0,0,0,0,0,0,0,0,1,0,0,0
-0.487784309,1.67766981,-0.479298885,0.75476341,1,0,1,0,0,1,0,0,0,0,1,0,0,0,0,0,0,0,1,0,0,1
-0.663689217,-1.383771449,-0.895415403,-0.987572702,0,0,1,0,1,0,0,0,0,0,0,1,0,0,0,0,0,0,1,0,0,1
-0.487784309,1.67766981,-0.428259039,-1.23647786,1,0,0,1,1,0,0,0,0,0,1,0,0,0,0,0,0,0,1,0,0,0
0.567645137,0.14694918,1.069264206,3.243814997,1,1,0,0,1,0,0,0,0,0,1,0,0,0,0,0,1,0,0,0,0,1
0.919454953,1.67766981,1.265625833,0.256953092,1,0,1,0,0,0,0,0,1,0,0,0,1,0,1,0,0,0,0,0,0,0
0.831502499,1.67766981,0.090646057,-0.738667543,1,0,1,0,0,0,0,0,1,0,0,0,1,0,1,0,0,0,0,0,0,0
-0.399831855,-1.383771449,-0.611506262,-0.904604315,1,0,1,0,1,0,0,0,0,0,0,0,1,0,1,0,0,0,0,0,0,0
-0.399831855,0.14694918,-0.830197823,0.256953092,1,0,1,0,0,0,0,0,1,0,0,0,1,0,0,0,0,1,0,0,0,0
0.567645137,-1.383771449,-0.643760609,-1.402414633,1,0,1,0,1,0,0,0,0,0,0,0,1,0,1,0,0,0,0,0,0,0
0.919454953,0.14694918,-0.505527694,-0.489762384,0,0,0,1,1,0,0,0,0,1,0,0,0,0,0,0,0,1,0,0,0,0
-0.487784309,0.14694918,1.802961985,2.248194362,0,0,1,0,0,0,1,0,0,0,1,0,0,0,1,0,0,0,0,0,0,0
-0.487784309,0.14694918,0.027555137,0.256953092,1,1,0,0,0,0,1,0,0,1,0,0,0,0,0,0,0,1,0,0,0,1
0.215835322,1.67766981,-0.146122115,-0.738667543,1,0,1,0,0,0,0,0,1,0,0,0,1,0,1,0,0,0,0,0,0,0
0.655597591,-1.383771449,-0.616114026,-0.240857225,1,0,1,0,1,0,0,0,0,0,0,0,1,0,0,0,0,1,0,0,0,1
-0.399831855,0.14694918,0.123963734,0.256953092,1,0,1,0,0,1,0,0,0,0,0,0,1,0,0,0,0,0,1,0,0,1
0.39174023,-2.914492079,0.112975989,-0.240857225,1,0,1,0,1,0,0,0,0,0,1,0,0,1,0,0,0,0,0,0,0,0
-1.015499033,0.14694918,-0.399194683,1.252573727,1,0,1,0,1,0,0,0,0,1,0,0,0,1,0,0,0,0,0,0,0,1
-0.663689217,0.14694918,0.298349872,0.256953092,0,0,0,1,0,0,1,0,0,0,1,0,0,0,1,0,0,0,0,0,0,1
-0.839594125,1.67766981,2.730185845,1.252573727,0,0,1,0,1,0,0,0,0,0,0,0,1,0,0,0,0,1,0,0,0,1
-0.575736763,0.14694918,-0.488514412,-0.738667543,0,0,1,0,1,0,0,0,0,1,0,0,0,0,1,0,0,0,0,0,0,0
1.886931946,1.67766981,-0.723155924,0.256953092,0,0,0,1,0,0,0,1,0,1,0,0,0,0,0,0,0,0,1,0,0,0
1.183312315,-1.383771449,0.136369252,0.75476341,1,0,1,0,0,0,0,0,1,0,0,1,0,0,0,0,0,0,1,0,0,0
0.127882868,-1.383771449,-0.750448064,-0.987572702,1,0,1,0,1,0,0,0,0,0,1,0,0,0,0,0,0,0,1,0,0,0
0.831502499,-1.383771449,0.260424432,0.588826637,1,0,1,0,1,0,0,0,0,1,0,0,0,0,1,0,0,0,0,0,0,1
-0.487784309,0.14694918,-0.071689007,0.256953092,1,1,0,0,0,1,0,0,0,0,1,0,0,0,0,0,0,1,0,0,0,0
-0.487784309,0.14694918,-0.542744248,-1.23647786,1,0,0,1,1,0,0,0,0,0,0,0,1,0,0,0,0,0,1,0,0,0
1.007407407,0.14694918,-0.325470461,0.008047933,1,0,1,0,1,0,0,0,0,0,1,0,0,0,1,0,0,0,0,0,0,0
-0.575736763,0.14694918,0.100924915,-0.489762384,1,0,1,0,0,0,0,0,1,0,0,0,1,0,1,0,0,0,0,0,0,0
-0.04802204,0.14694918,-0.309874953,0.256953092,1,0,1,0,0,0,1,0,0,0,0,0,1,0,0,0,0,0,1,0,0,1
-1.19140394,-1.383771449,-0.998558424,-1.23647786,1,0,1,0,1,0,0,0,0,0,1,0,0,0,0,0,0,0,0,1,0,0
-0.839594125,0.14694918,-0.551605333,0.75476341,0,0,1,0,0,0,0,0,1,0,1,0,0,0,0,0,0,0,1,0,0,0
-1.103451487,-1.383771449,-0.266278418,0.505858251,1,0,1,0,0,0,1,0,0,0,1,0,0,0,0,0,0,0,1,0,0,1
1.623074584,1.67766981,0.105178235,-0.489762384,0,0,0,1,1,0,0,0,0,0,0,0,1,0,0,0,0,0,1,0,0,0
-0.575736763,0.14694918,1.380465486,1.750384045,1,0,0,1,0,0,0,0,1,0,0,0,1,0,0,0,0,0,1,0,0,0
0.39174023,-1.383771449,0.236676726,-0.821635929,1,0,1,0,1,0,0,0,0,1,0,0,0,0,1,0,0,0,0,0,0,0
-1.19140394,0.14694918,-0.62284845,-0.489762384,1,0,1,0,0,1,0,0,0,0,1,0,0,0,0,0,0,0,0,1,0,0
0.655597591,-1.383771449,1.460924131,0.256953092,1,0,1,0,1,0,0,0,0,0,0,0,1,0,1,0,0,0,0,0,0,0
-0.575736763,-2.914492079,-0.736624772,0.256953092,0,0,0,1,1,0,0,0,0,1,0,0,0,0,1,0,0,0,0,0,0,1
0.039930414,0.14694918,1.426897567,3.243814997,1,0,0,1,1,0,0,0,0,1,0,0,0,1,0,0,0,0,0,0,0,1
-0.223926948,0.14694918,-0.15604653,0.75476341,0,0,1,0,1,0,0,0,0,0,0,0,1,0,0,0,0,0,1,0,0,0
1.886931946,-1.383771449,-0.713585953,0.256953092,0,0,1,0,0,0,1,0,0,0,0,1,0,0,0,0,0,0,1,0,0,0
2.502599123,0.14694918,-0.892579856,-1.23647786,0,0,1,0,1,0,0,0,0,0,1,0,0,0,0,0,0,0,1,0,0,0
0.567645137,0.14694918,-0.299241652,-0.240857225,1,0,1,0,0,0,0,0,1,0,1,0,0,1,0,0,0,0,0,0,0,0
1.007407407,-1.383771449,-0.259898438,0.256953092,1,0,1,0,1,0,0,0,0,0,0,0,1,0,1,0,0,0,0,0,0,1
-0.927546579,0.14694918,-0.711459293,-0.489762384,1,0,0,1,0,1,0,0,0,0,1,0,0,0,1,0,0,0,0,0,0,1
1.183312315,0.14694918,1.812886399,0.75476341,1,0,1,0,1,0,0,0,0,0,1,0,0,0,0,0,0,1,0,0,0,1
-0.223926948,1.67766981,0.557447977,2.248194362,1,0,0,1,1,0,0,0,0,0,0,0,1,1,0,0,0,0,0,0,0,1
-0.663689217,1.67766981,-0.12343774,0.008047933,0,0,1,0,0,1,0,0,0,0,0,1,0,0,1,0,0,0,0,0,0,0
-0.839594125,0.14694918,1.75723879,1.252573727,1,0,1,0,1,0,0,0,0,1,0,0,0,0,1,0,0,0,0,0,0,1
-0.487784309,-1.383771449,-0.440664557,0.256953092,1,0,1,0,1,0,0,0,0,0,0,0,1,0,0,0,0,1,0,0,0,0
-0.927546579,0.14694918,-0.651558363,-0.489762384,0,0,0,1,1,0,0,0,0,1,0,0,0,0,0,0,0,1,0,0,0,0
-0.223926948,0.14694918,1.069618649,1.750384045,1,0,1,0,1,0,0,0,0,0,0,1,0,1,0,0,0,0,0,0,0,0
2.502599123,0.14694918,-0.660065004,-0.655699157,0,0,1,0,0,1,0,0,0,0,0,0,1,0,0,0,0,0,1,0,0,0
-0.575736763,1.67766981,1.172407227,0.256953092,1,1,0,0,1,0,0,0,0,1,0,0,0,0,1,0,0,0,0,0,0,0
1.095359861,-1.383771449,-0.541680918,0.256953092,1,0,1,0,1,0,0,0,0,0,1,0,0,0,0,0,0,0,1,0,0,0
0.127882868,-1.383771449,0.104114905,-0.738667543,1,0,1,0,0,0,0,0,1,0,0,0,1,0,0,0,1,0,0,0,0,0
-0.135974494,-1.383771449,-0.603354065,-0.489762384,1,0,1,0,0,1,0,0,0,0,0,0,1,0,0,0,0,0,1,0,0,0
-1.103451487,-1.383771449,-0.473273347,-0.240857225,1,0,0,1,0,0,0,0,1,1,0,0,0,0,0,0,0,0,1,0,0,0
-0.487784309,1.67766981,0.243765593,1.252573727,1,0,1,0,1,0,0,0,0,1,0,0,0,0,0,0,0,1,0,0,0,0
1.271264769,0.14694918,-0.312356057,-0.738667543,1,0,1,0,0,0,0,0,1,0,0,0,1,0,1,0,0,0,0,0,0,0
-0.399831855,-1.383771449,-0.544162022,-0.738667543,0,0,1,0,1,0,0,0,0,0,0,0,1,0,0,0,0,1,0,0,0,0
0.39174023,1.67766981,0.207612369,0.75476341,1,0,1,0,1,0,0,0,0,1,0,0,0,0,1,0,0,0,0,0,0,0
0.215835322,0.14694918,-0.874503244,-0.738667543,1,0,1,0,1,0,0,0,0,0,0,0,1,0,0,0,0,0,1,0,0,0
-1.103451487,0.14694918,-0.505527694,1.999289204,1,1,0,0,1,0,0,0,0,1,0,0,0,0,0,0,0,0,1,0,0,1
-0.751641671,0.14694918,0.462457153,1.999289204,1,0,1,0,0,1,0,0,0,0,1,0,0,0,1,0,0,0,0,0,0,0
